疾病病种,发病数,死亡数,date,year,month,url
甲乙丙类传染病总计,2587.0,10.0,2022-12,2022,12,http://www.gscdc.net/html/news/yqtb/yqtb-show-5815.html
甲乙类传染病合计,1520.0,10.0,2022-12,2022,12,http://www.gscdc.net/html/news/yqtb/yqtb-show-5815.html
鼠疫,0.0,0.0,2022-12,2022,12,http://www.gscdc.net/html/news/yqtb/yqtb-show-5815.html
霍乱,0.0,0.0,2022-12,2022,12,http://www.gscdc.net/html/news/yqtb/yqtb-show-5815.html
传染性非典型肺炎,0.0,0.0,2022-12,2022,12,http://www.gscdc.net/html/news/yqtb/yqtb-show-5815.html
艾滋病,59.0,10.0,2022-12,2022,12,http://www.gscdc.net/html/news/yqtb/yqtb-show-5815.html
病毒性肝炎*,598.0,0.0,2022-12,2022,12,http://www.gscdc.net/html/news/yqtb/yqtb-show-5815.html
甲型肝炎,13.0,0.0,2022-12,2022,12,http://www.gscdc.net/html/news/yqtb/yqtb-show-5815.html
乙型肝炎,371.0,0.0,2022-12,2022,12,http://www.gscdc.net/html/news/yqtb/yqtb-show-5815.html
丙型肝炎,209.0,0.0,2022-12,2022,12,http://www.gscdc.net/html/news/yqtb/yqtb-show-5815.html
丁型肝炎,0.0,0.0,2022-12,2022,12,http://www.gscdc.net/html/news/yqtb/yqtb-show-5815.html
戊型肝炎,3.0,0.0,2022-12,2022,12,http://www.gscdc.net/html/news/yqtb/yqtb-show-5815.html
肝炎（未分型）,2.0,0.0,2022-12,2022,12,http://www.gscdc.net/html/news/yqtb/yqtb-show-5815.html
脊髓灰质炎,0.0,0.0,2022-12,2022,12,http://www.gscdc.net/html/news/yqtb/yqtb-show-5815.html
人感染高致病性禽流感,0.0,0.0,2022-12,2022,12,http://www.gscdc.net/html/news/yqtb/yqtb-show-5815.html
麻疹,0.0,0.0,2022-12,2022,12,http://www.gscdc.net/html/news/yqtb/yqtb-show-5815.html
流行性出血热,4.0,0.0,2022-12,2022,12,http://www.gscdc.net/html/news/yqtb/yqtb-show-5815.html
狂犬病,0.0,0.0,2022-12,2022,12,http://www.gscdc.net/html/news/yqtb/yqtb-show-5815.html
流行性乙型脑炎,0.0,0.0,2022-12,2022,12,http://www.gscdc.net/html/news/yqtb/yqtb-show-5815.html
登革热,0.0,0.0,2022-12,2022,12,http://www.gscdc.net/html/news/yqtb/yqtb-show-5815.html
皮肤炭疽,4.0,0.0,2022-12,2022,12,http://www.gscdc.net/html/news/yqtb/yqtb-show-5815.html
细菌性和阿米巴性痢疾,32.0,0.0,2022-12,2022,12,http://www.gscdc.net/html/news/yqtb/yqtb-show-5815.html
肺结核,432.0,0.0,2022-12,2022,12,http://www.gscdc.net/html/news/yqtb/yqtb-show-5815.html
伤寒和副伤寒,0.0,0.0,2022-12,2022,12,http://www.gscdc.net/html/news/yqtb/yqtb-show-5815.html
流行性脑脊髓膜炎,1.0,0.0,2022-12,2022,12,http://www.gscdc.net/html/news/yqtb/yqtb-show-5815.html
百日咳,12.0,0.0,2022-12,2022,12,http://www.gscdc.net/html/news/yqtb/yqtb-show-5815.html
白喉,0.0,0.0,2022-12,2022,12,http://www.gscdc.net/html/news/yqtb/yqtb-show-5815.html
新生儿破伤风,0.0,0.0,2022-12,2022,12,http://www.gscdc.net/html/news/yqtb/yqtb-show-5815.html
猩红热,4.0,0.0,2022-12,2022,12,http://www.gscdc.net/html/news/yqtb/yqtb-show-5815.html
布鲁氏菌病,142.0,0.0,2022-12,2022,12,http://www.gscdc.net/html/news/yqtb/yqtb-show-5815.html
淋病,21.0,0.0,2022-12,2022,12,http://www.gscdc.net/html/news/yqtb/yqtb-show-5815.html
梅毒,190.0,0.0,2022-12,2022,12,http://www.gscdc.net/html/news/yqtb/yqtb-show-5815.html
钩端螺旋体病,0.0,0.0,2022-12,2022,12,http://www.gscdc.net/html/news/yqtb/yqtb-show-5815.html
血吸虫病,0.0,0.0,2022-12,2022,12,http://www.gscdc.net/html/news/yqtb/yqtb-show-5815.html
疟疾,0.0,0.0,2022-12,2022,12,http://www.gscdc.net/html/news/yqtb/yqtb-show-5815.html
人感染H7N9禽流感,0.0,0.0,2022-12,2022,12,http://www.gscdc.net/html/news/yqtb/yqtb-show-5815.html
新型冠状病毒感染**,21.0,0.0,2022-12,2022,12,http://www.gscdc.net/html/news/yqtb/yqtb-show-5815.html
丙类传染病合计,1067.0,0.0,2022-12,2022,12,http://www.gscdc.net/html/news/yqtb/yqtb-show-5815.html
流行性感冒,606.0,0.0,2022-12,2022,12,http://www.gscdc.net/html/news/yqtb/yqtb-show-5815.html
流行性腮腺炎,50.0,0.0,2022-12,2022,12,http://www.gscdc.net/html/news/yqtb/yqtb-show-5815.html
风疹,5.0,0.0,2022-12,2022,12,http://www.gscdc.net/html/news/yqtb/yqtb-show-5815.html
急性出血性结膜炎,50.0,0.0,2022-12,2022,12,http://www.gscdc.net/html/news/yqtb/yqtb-show-5815.html
麻风病,0.0,0.0,2022-12,2022,12,http://www.gscdc.net/html/news/yqtb/yqtb-show-5815.html
斑疹伤寒,0.0,0.0,2022-12,2022,12,http://www.gscdc.net/html/news/yqtb/yqtb-show-5815.html
黑热病,1.0,0.0,2022-12,2022,12,http://www.gscdc.net/html/news/yqtb/yqtb-show-5815.html
包虫病,10.0,0.0,2022-12,2022,12,http://www.gscdc.net/html/news/yqtb/yqtb-show-5815.html
丝虫病,0.0,0.0,2022-12,2022,12,http://www.gscdc.net/html/news/yqtb/yqtb-show-5815.html
其它感染性腹泻病,317.0,0.0,2022-12,2022,12,http://www.gscdc.net/html/news/yqtb/yqtb-show-5815.html
手足口病,28.0,0.0,2022-12,2022,12,http://www.gscdc.net/html/news/yqtb/yqtb-show-5815.html
甲乙丙类传染病总计,22960.0,10.0,2023-01,2023,1,http://www.gscdc.net/html/news/yqtb/yqtb-show-5816.html
甲乙类传染病合计,21790.0,10.0,2023-01,2023,1,http://www.gscdc.net/html/news/yqtb/yqtb-show-5816.html
鼠疫,0.0,0.0,2023-01,2023,1,http://www.gscdc.net/html/news/yqtb/yqtb-show-5816.html
霍乱,0.0,0.0,2023-01,2023,1,http://www.gscdc.net/html/news/yqtb/yqtb-show-5816.html
传染性非典型肺炎,0.0,0.0,2023-01,2023,1,http://www.gscdc.net/html/news/yqtb/yqtb-show-5816.html
艾滋病,10.0,7.0,2023-01,2023,1,http://www.gscdc.net/html/news/yqtb/yqtb-show-5816.html
病毒性肝炎*,1071.0,0.0,2023-01,2023,1,http://www.gscdc.net/html/news/yqtb/yqtb-show-5816.html
甲型肝炎,8.0,0.0,2023-01,2023,1,http://www.gscdc.net/html/news/yqtb/yqtb-show-5816.html
乙型肝炎,609.0,0.0,2023-01,2023,1,http://www.gscdc.net/html/news/yqtb/yqtb-show-5816.html
丙型肝炎,442.0,0.0,2023-01,2023,1,http://www.gscdc.net/html/news/yqtb/yqtb-show-5816.html
丁型肝炎,0.0,0.0,2023-01,2023,1,http://www.gscdc.net/html/news/yqtb/yqtb-show-5816.html
戊型肝炎,9.0,0.0,2023-01,2023,1,http://www.gscdc.net/html/news/yqtb/yqtb-show-5816.html
肝炎（未分型）,3.0,0.0,2023-01,2023,1,http://www.gscdc.net/html/news/yqtb/yqtb-show-5816.html
脊髓灰质炎,0.0,0.0,2023-01,2023,1,http://www.gscdc.net/html/news/yqtb/yqtb-show-5816.html
人感染高致病性禽流感,0.0,0.0,2023-01,2023,1,http://www.gscdc.net/html/news/yqtb/yqtb-show-5816.html
麻疹,0.0,0.0,2023-01,2023,1,http://www.gscdc.net/html/news/yqtb/yqtb-show-5816.html
流行性出血热,1.0,0.0,2023-01,2023,1,http://www.gscdc.net/html/news/yqtb/yqtb-show-5816.html
狂犬病,0.0,0.0,2023-01,2023,1,http://www.gscdc.net/html/news/yqtb/yqtb-show-5816.html
流行性乙型脑炎,1.0,0.0,2023-01,2023,1,http://www.gscdc.net/html/news/yqtb/yqtb-show-5816.html
登革热,0.0,0.0,2023-01,2023,1,http://www.gscdc.net/html/news/yqtb/yqtb-show-5816.html
皮肤炭疽,4.0,0.0,2023-01,2023,1,http://www.gscdc.net/html/news/yqtb/yqtb-show-5816.html
细菌性和阿米巴性痢疾,45.0,0.0,2023-01,2023,1,http://www.gscdc.net/html/news/yqtb/yqtb-show-5816.html
肺结核,1185.0,2.0,2023-01,2023,1,http://www.gscdc.net/html/news/yqtb/yqtb-show-5816.html
伤寒和副伤寒,0.0,0.0,2023-01,2023,1,http://www.gscdc.net/html/news/yqtb/yqtb-show-5816.html
流行性脑脊髓膜炎,0.0,0.0,2023-01,2023,1,http://www.gscdc.net/html/news/yqtb/yqtb-show-5816.html
百日咳,9.0,0.0,2023-01,2023,1,http://www.gscdc.net/html/news/yqtb/yqtb-show-5816.html
白喉,0.0,0.0,2023-01,2023,1,http://www.gscdc.net/html/news/yqtb/yqtb-show-5816.html
新生儿破伤风,0.0,0.0,2023-01,2023,1,http://www.gscdc.net/html/news/yqtb/yqtb-show-5816.html
猩红热,2.0,0.0,2023-01,2023,1,http://www.gscdc.net/html/news/yqtb/yqtb-show-5816.html
布鲁氏菌病,221.0,0.0,2023-01,2023,1,http://www.gscdc.net/html/news/yqtb/yqtb-show-5816.html
淋病,37.0,0.0,2023-01,2023,1,http://www.gscdc.net/html/news/yqtb/yqtb-show-5816.html
梅毒,339.0,0.0,2023-01,2023,1,http://www.gscdc.net/html/news/yqtb/yqtb-show-5816.html
钩端螺旋体病,0.0,0.0,2023-01,2023,1,http://www.gscdc.net/html/news/yqtb/yqtb-show-5816.html
血吸虫病,0.0,0.0,2023-01,2023,1,http://www.gscdc.net/html/news/yqtb/yqtb-show-5816.html
疟疾,1.0,0.0,2023-01,2023,1,http://www.gscdc.net/html/news/yqtb/yqtb-show-5816.html
人感染H7N9禽流感,0.0,0.0,2023-01,2023,1,http://www.gscdc.net/html/news/yqtb/yqtb-show-5816.html
新型冠状病毒感染**,18864.0,1.0,2023-01,2023,1,http://www.gscdc.net/html/news/yqtb/yqtb-show-5816.html
丙类传染病合计,1170.0,0.0,2023-01,2023,1,http://www.gscdc.net/html/news/yqtb/yqtb-show-5816.html
流行性感冒,520.0,0.0,2023-01,2023,1,http://www.gscdc.net/html/news/yqtb/yqtb-show-5816.html
流行性腮腺炎,49.0,0.0,2023-01,2023,1,http://www.gscdc.net/html/news/yqtb/yqtb-show-5816.html
风疹,0.0,0.0,2023-01,2023,1,http://www.gscdc.net/html/news/yqtb/yqtb-show-5816.html
急性出血性结膜炎,20.0,0.0,2023-01,2023,1,http://www.gscdc.net/html/news/yqtb/yqtb-show-5816.html
麻风病,0.0,0.0,2023-01,2023,1,http://www.gscdc.net/html/news/yqtb/yqtb-show-5816.html
斑疹伤寒,0.0,0.0,2023-01,2023,1,http://www.gscdc.net/html/news/yqtb/yqtb-show-5816.html
黑热病,1.0,0.0,2023-01,2023,1,http://www.gscdc.net/html/news/yqtb/yqtb-show-5816.html
包虫病,11.0,0.0,2023-01,2023,1,http://www.gscdc.net/html/news/yqtb/yqtb-show-5816.html
丝虫病,0.0,0.0,2023-01,2023,1,http://www.gscdc.net/html/news/yqtb/yqtb-show-5816.html
其它感染性腹泻病,563.0,0.0,2023-01,2023,1,http://www.gscdc.net/html/news/yqtb/yqtb-show-5816.html
手足口病,6.0,0.0,2023-01,2023,1,http://www.gscdc.net/html/news/yqtb/yqtb-show-5816.html
甲乙丙类传染病总计,14134.0,16.0,2023-02,2023,2,http://www.gscdc.net/html/news/yqtb/yqtb-show-5885.html
甲乙类传染病合计,10801.0,16.0,2023-02,2023,2,http://www.gscdc.net/html/news/yqtb/yqtb-show-5885.html
鼠疫,0.0,0.0,2023-02,2023,2,http://www.gscdc.net/html/news/yqtb/yqtb-show-5885.html
霍乱,0.0,0.0,2023-02,2023,2,http://www.gscdc.net/html/news/yqtb/yqtb-show-5885.html
传染性非典型肺炎,0.0,0.0,2023-02,2023,2,http://www.gscdc.net/html/news/yqtb/yqtb-show-5885.html
艾滋病,36.0,12.0,2023-02,2023,2,http://www.gscdc.net/html/news/yqtb/yqtb-show-5885.html
病毒性肝炎*,1781.0,1.0,2023-02,2023,2,http://www.gscdc.net/html/news/yqtb/yqtb-show-5885.html
甲型肝炎,21.0,0.0,2023-02,2023,2,http://www.gscdc.net/html/news/yqtb/yqtb-show-5885.html
乙型肝炎,1112.0,1.0,2023-02,2023,2,http://www.gscdc.net/html/news/yqtb/yqtb-show-5885.html
丙型肝炎,631.0,0.0,2023-02,2023,2,http://www.gscdc.net/html/news/yqtb/yqtb-show-5885.html
丁型肝炎,0.0,0.0,2023-02,2023,2,http://www.gscdc.net/html/news/yqtb/yqtb-show-5885.html
戊型肝炎,13.0,0.0,2023-02,2023,2,http://www.gscdc.net/html/news/yqtb/yqtb-show-5885.html
肝炎（未分型）,4.0,0.0,2023-02,2023,2,http://www.gscdc.net/html/news/yqtb/yqtb-show-5885.html
脊髓灰质炎,0.0,0.0,2023-02,2023,2,http://www.gscdc.net/html/news/yqtb/yqtb-show-5885.html
人感染高致病性禽流感,0.0,0.0,2023-02,2023,2,http://www.gscdc.net/html/news/yqtb/yqtb-show-5885.html
麻疹,1.0,0.0,2023-02,2023,2,http://www.gscdc.net/html/news/yqtb/yqtb-show-5885.html
流行性出血热,1.0,0.0,2023-02,2023,2,http://www.gscdc.net/html/news/yqtb/yqtb-show-5885.html
狂犬病,0.0,0.0,2023-02,2023,2,http://www.gscdc.net/html/news/yqtb/yqtb-show-5885.html
流行性乙型脑炎,0.0,0.0,2023-02,2023,2,http://www.gscdc.net/html/news/yqtb/yqtb-show-5885.html
登革热,0.0,0.0,2023-02,2023,2,http://www.gscdc.net/html/news/yqtb/yqtb-show-5885.html
皮肤炭疽,4.0,0.0,2023-02,2023,2,http://www.gscdc.net/html/news/yqtb/yqtb-show-5885.html
细菌性和阿米巴性痢疾,77.0,0.0,2023-02,2023,2,http://www.gscdc.net/html/news/yqtb/yqtb-show-5885.html
肺结核,1630.0,3.0,2023-02,2023,2,http://www.gscdc.net/html/news/yqtb/yqtb-show-5885.html
伤寒和副伤寒,1.0,0.0,2023-02,2023,2,http://www.gscdc.net/html/news/yqtb/yqtb-show-5885.html
流行性脑脊髓膜炎,0.0,0.0,2023-02,2023,2,http://www.gscdc.net/html/news/yqtb/yqtb-show-5885.html
百日咳,9.0,0.0,2023-02,2023,2,http://www.gscdc.net/html/news/yqtb/yqtb-show-5885.html
白喉,0.0,0.0,2023-02,2023,2,http://www.gscdc.net/html/news/yqtb/yqtb-show-5885.html
新生儿破伤风,0.0,0.0,2023-02,2023,2,http://www.gscdc.net/html/news/yqtb/yqtb-show-5885.html
猩红热,5.0,0.0,2023-02,2023,2,http://www.gscdc.net/html/news/yqtb/yqtb-show-5885.html
布鲁氏菌病,476.0,0.0,2023-02,2023,2,http://www.gscdc.net/html/news/yqtb/yqtb-show-5885.html
淋病,70.0,0.0,2023-02,2023,2,http://www.gscdc.net/html/news/yqtb/yqtb-show-5885.html
梅毒,494.0,0.0,2023-02,2023,2,http://www.gscdc.net/html/news/yqtb/yqtb-show-5885.html
钩端螺旋体病,0.0,0.0,2023-02,2023,2,http://www.gscdc.net/html/news/yqtb/yqtb-show-5885.html
血吸虫病,0.0,0.0,2023-02,2023,2,http://www.gscdc.net/html/news/yqtb/yqtb-show-5885.html
疟疾,1.0,0.0,2023-02,2023,2,http://www.gscdc.net/html/news/yqtb/yqtb-show-5885.html
人感染H7N9禽流感,0.0,0.0,2023-02,2023,2,http://www.gscdc.net/html/news/yqtb/yqtb-show-5885.html
新型冠状病毒感染**,6215.0,0.0,2023-02,2023,2,http://www.gscdc.net/html/news/yqtb/yqtb-show-5885.html
丙类传染病合计,3333.0,0.0,2023-02,2023,2,http://www.gscdc.net/html/news/yqtb/yqtb-show-5885.html
流行性感冒,1461.0,0.0,2023-02,2023,2,http://www.gscdc.net/html/news/yqtb/yqtb-show-5885.html
流行性腮腺炎,118.0,0.0,2023-02,2023,2,http://www.gscdc.net/html/news/yqtb/yqtb-show-5885.html
风疹,0.0,0.0,2023-02,2023,2,http://www.gscdc.net/html/news/yqtb/yqtb-show-5885.html
急性出血性结膜炎,58.0,0.0,2023-02,2023,2,http://www.gscdc.net/html/news/yqtb/yqtb-show-5885.html
麻风病,0.0,0.0,2023-02,2023,2,http://www.gscdc.net/html/news/yqtb/yqtb-show-5885.html
斑疹伤寒,0.0,0.0,2023-02,2023,2,http://www.gscdc.net/html/news/yqtb/yqtb-show-5885.html
黑热病,2.0,0.0,2023-02,2023,2,http://www.gscdc.net/html/news/yqtb/yqtb-show-5885.html
包虫病,28.0,0.0,2023-02,2023,2,http://www.gscdc.net/html/news/yqtb/yqtb-show-5885.html
丝虫病,0.0,0.0,2023-02,2023,2,http://www.gscdc.net/html/news/yqtb/yqtb-show-5885.html
其它感染性腹泻病,1650.0,0.0,2023-02,2023,2,http://www.gscdc.net/html/news/yqtb/yqtb-show-5885.html
手足口病,16.0,0.0,2023-02,2023,2,http://www.gscdc.net/html/news/yqtb/yqtb-show-5885.html
甲乙丙类传染病总计,41017.0,19.0,2023-03,2023,3,http://www.gscdc.net/html/news/yqtb/yqtb-show-6000.html
甲乙类传染病合计,8464.0,19.0,2023-03,2023,3,http://www.gscdc.net/html/news/yqtb/yqtb-show-6000.html
鼠疫,0.0,0.0,2023-03,2023,3,http://www.gscdc.net/html/news/yqtb/yqtb-show-6000.html
霍乱,0.0,0.0,2023-03,2023,3,http://www.gscdc.net/html/news/yqtb/yqtb-show-6000.html
传染性非典型肺炎,0.0,0.0,2023-03,2023,3,http://www.gscdc.net/html/news/yqtb/yqtb-show-6000.html
艾滋病,63.0,15.0,2023-03,2023,3,http://www.gscdc.net/html/news/yqtb/yqtb-show-6000.html
病毒性肝炎*,1883.0,0.0,2023-03,2023,3,http://www.gscdc.net/html/news/yqtb/yqtb-show-6000.html
甲型肝炎,26.0,0.0,2023-03,2023,3,http://www.gscdc.net/html/news/yqtb/yqtb-show-6000.html
乙型肝炎,1164.0,0.0,2023-03,2023,3,http://www.gscdc.net/html/news/yqtb/yqtb-show-6000.html
丙型肝炎,666.0,0.0,2023-03,2023,3,http://www.gscdc.net/html/news/yqtb/yqtb-show-6000.html
丁型肝炎,0.0,0.0,2023-03,2023,3,http://www.gscdc.net/html/news/yqtb/yqtb-show-6000.html
戊型肝炎,21.0,0.0,2023-03,2023,3,http://www.gscdc.net/html/news/yqtb/yqtb-show-6000.html
肝炎（未分型）,6.0,0.0,2023-03,2023,3,http://www.gscdc.net/html/news/yqtb/yqtb-show-6000.html
脊髓灰质炎,0.0,0.0,2023-03,2023,3,http://www.gscdc.net/html/news/yqtb/yqtb-show-6000.html
人感染高致病性禽流感,0.0,0.0,2023-03,2023,3,http://www.gscdc.net/html/news/yqtb/yqtb-show-6000.html
麻疹,1.0,0.0,2023-03,2023,3,http://www.gscdc.net/html/news/yqtb/yqtb-show-6000.html
流行性出血热,2.0,0.0,2023-03,2023,3,http://www.gscdc.net/html/news/yqtb/yqtb-show-6000.html
狂犬病,0.0,0.0,2023-03,2023,3,http://www.gscdc.net/html/news/yqtb/yqtb-show-6000.html
流行性乙型脑炎,0.0,0.0,2023-03,2023,3,http://www.gscdc.net/html/news/yqtb/yqtb-show-6000.html
登革热,0.0,0.0,2023-03,2023,3,http://www.gscdc.net/html/news/yqtb/yqtb-show-6000.html
皮肤炭疽,3.0,0.0,2023-03,2023,3,http://www.gscdc.net/html/news/yqtb/yqtb-show-6000.html
细菌性和阿米巴性痢疾,84.0,0.0,2023-03,2023,3,http://www.gscdc.net/html/news/yqtb/yqtb-show-6000.html
肺结核,1617.0,4.0,2023-03,2023,3,http://www.gscdc.net/html/news/yqtb/yqtb-show-6000.html
伤寒和副伤寒,0.0,0.0,2023-03,2023,3,http://www.gscdc.net/html/news/yqtb/yqtb-show-6000.html
流行性脑脊髓膜炎,0.0,0.0,2023-03,2023,3,http://www.gscdc.net/html/news/yqtb/yqtb-show-6000.html
百日咳,6.0,0.0,2023-03,2023,3,http://www.gscdc.net/html/news/yqtb/yqtb-show-6000.html
白喉,0.0,0.0,2023-03,2023,3,http://www.gscdc.net/html/news/yqtb/yqtb-show-6000.html
新生儿破伤风,0.0,0.0,2023-03,2023,3,http://www.gscdc.net/html/news/yqtb/yqtb-show-6000.html
猩红热,6.0,0.0,2023-03,2023,3,http://www.gscdc.net/html/news/yqtb/yqtb-show-6000.html
布鲁氏菌病,488.0,0.0,2023-03,2023,3,http://www.gscdc.net/html/news/yqtb/yqtb-show-6000.html
淋病,44.0,0.0,2023-03,2023,3,http://www.gscdc.net/html/news/yqtb/yqtb-show-6000.html
梅毒,616.0,0.0,2023-03,2023,3,http://www.gscdc.net/html/news/yqtb/yqtb-show-6000.html
钩端螺旋体病,0.0,0.0,2023-03,2023,3,http://www.gscdc.net/html/news/yqtb/yqtb-show-6000.html
血吸虫病,0.0,0.0,2023-03,2023,3,http://www.gscdc.net/html/news/yqtb/yqtb-show-6000.html
疟疾,2.0,0.0,2023-03,2023,3,http://www.gscdc.net/html/news/yqtb/yqtb-show-6000.html
人感染H7N9禽流感,0.0,0.0,2023-03,2023,3,http://www.gscdc.net/html/news/yqtb/yqtb-show-6000.html
新型冠状病毒感染**,3649.0,0.0,2023-03,2023,3,http://www.gscdc.net/html/news/yqtb/yqtb-show-6000.html
丙类传染病合计,32553.0,0.0,2023-03,2023,3,http://www.gscdc.net/html/news/yqtb/yqtb-show-6000.html
流行性感冒,29455.0,0.0,2023-03,2023,3,http://www.gscdc.net/html/news/yqtb/yqtb-show-6000.html
流行性腮腺炎,154.0,0.0,2023-03,2023,3,http://www.gscdc.net/html/news/yqtb/yqtb-show-6000.html
风疹,1.0,0.0,2023-03,2023,3,http://www.gscdc.net/html/news/yqtb/yqtb-show-6000.html
急性出血性结膜炎,121.0,0.0,2023-03,2023,3,http://www.gscdc.net/html/news/yqtb/yqtb-show-6000.html
麻风病,0.0,0.0,2023-03,2023,3,http://www.gscdc.net/html/news/yqtb/yqtb-show-6000.html
斑疹伤寒,1.0,0.0,2023-03,2023,3,http://www.gscdc.net/html/news/yqtb/yqtb-show-6000.html
黑热病,0.0,0.0,2023-03,2023,3,http://www.gscdc.net/html/news/yqtb/yqtb-show-6000.html
包虫病,25.0,0.0,2023-03,2023,3,http://www.gscdc.net/html/news/yqtb/yqtb-show-6000.html
丝虫病,0.0,0.0,2023-03,2023,3,http://www.gscdc.net/html/news/yqtb/yqtb-show-6000.html
其它感染性腹泻病,2789.0,0.0,2023-03,2023,3,http://www.gscdc.net/html/news/yqtb/yqtb-show-6000.html
手足口病,7.0,0.0,2023-03,2023,3,http://www.gscdc.net/html/news/yqtb/yqtb-show-6000.html
甲乙丙类传染病总计,26989.0,23.0,2023-05,2023,5,http://www.gscdc.net/html/news/yqtb/yqtb-show-6294.html
甲乙类传染病合计,19420.0,23.0,2023-05,2023,5,http://www.gscdc.net/html/news/yqtb/yqtb-show-6294.html
鼠疫,0.0,0.0,2023-05,2023,5,http://www.gscdc.net/html/news/yqtb/yqtb-show-6294.html
霍乱,0.0,0.0,2023-05,2023,5,http://www.gscdc.net/html/news/yqtb/yqtb-show-6294.html
传染性非典型肺炎,0.0,0.0,2023-05,2023,5,http://www.gscdc.net/html/news/yqtb/yqtb-show-6294.html
艾滋病,65.0,19.0,2023-05,2023,5,http://www.gscdc.net/html/news/yqtb/yqtb-show-6294.html
病毒性肝炎*,1628.0,0.0,2023-05,2023,5,http://www.gscdc.net/html/news/yqtb/yqtb-show-6294.html
甲型肝炎,12.0,0.0,2023-05,2023,5,http://www.gscdc.net/html/news/yqtb/yqtb-show-6294.html
乙型肝炎,1019.0,0.0,2023-05,2023,5,http://www.gscdc.net/html/news/yqtb/yqtb-show-6294.html
丙型肝炎,585.0,0.0,2023-05,2023,5,http://www.gscdc.net/html/news/yqtb/yqtb-show-6294.html
丁型肝炎,0.0,0.0,2023-05,2023,5,http://www.gscdc.net/html/news/yqtb/yqtb-show-6294.html
戊型肝炎,10.0,0.0,2023-05,2023,5,http://www.gscdc.net/html/news/yqtb/yqtb-show-6294.html
肝炎（未分型）,2.0,0.0,2023-05,2023,5,http://www.gscdc.net/html/news/yqtb/yqtb-show-6294.html
脊髓灰质炎,0.0,0.0,2023-05,2023,5,http://www.gscdc.net/html/news/yqtb/yqtb-show-6294.html
人感染高致病性禽流感,0.0,0.0,2023-05,2023,5,http://www.gscdc.net/html/news/yqtb/yqtb-show-6294.html
麻疹,1.0,0.0,2023-05,2023,5,http://www.gscdc.net/html/news/yqtb/yqtb-show-6294.html
流行性出血热,2.0,0.0,2023-05,2023,5,http://www.gscdc.net/html/news/yqtb/yqtb-show-6294.html
狂犬病,0.0,0.0,2023-05,2023,5,http://www.gscdc.net/html/news/yqtb/yqtb-show-6294.html
流行性乙型脑炎,0.0,0.0,2023-05,2023,5,http://www.gscdc.net/html/news/yqtb/yqtb-show-6294.html
登革热,0.0,0.0,2023-05,2023,5,http://www.gscdc.net/html/news/yqtb/yqtb-show-6294.html
皮肤炭疽,9.0,0.0,2023-05,2023,5,http://www.gscdc.net/html/news/yqtb/yqtb-show-6294.html
细菌性和阿米巴性痢疾,130.0,0.0,2023-05,2023,5,http://www.gscdc.net/html/news/yqtb/yqtb-show-6294.html
肺结核,1453.0,4.0,2023-05,2023,5,http://www.gscdc.net/html/news/yqtb/yqtb-show-6294.html
伤寒和副伤寒,3.0,0.0,2023-05,2023,5,http://www.gscdc.net/html/news/yqtb/yqtb-show-6294.html
流行性脑脊髓膜炎,0.0,0.0,2023-05,2023,5,http://www.gscdc.net/html/news/yqtb/yqtb-show-6294.html
百日咳,15.0,0.0,2023-05,2023,5,http://www.gscdc.net/html/news/yqtb/yqtb-show-6294.html
白喉,0.0,0.0,2023-05,2023,5,http://www.gscdc.net/html/news/yqtb/yqtb-show-6294.html
新生儿破伤风,0.0,0.0,2023-05,2023,5,http://www.gscdc.net/html/news/yqtb/yqtb-show-6294.html
猩红热,17.0,0.0,2023-05,2023,5,http://www.gscdc.net/html/news/yqtb/yqtb-show-6294.html
布鲁氏菌病,632.0,0.0,2023-05,2023,5,http://www.gscdc.net/html/news/yqtb/yqtb-show-6294.html
淋病,68.0,0.0,2023-05,2023,5,http://www.gscdc.net/html/news/yqtb/yqtb-show-6294.html
梅毒,574.0,0.0,2023-05,2023,5,http://www.gscdc.net/html/news/yqtb/yqtb-show-6294.html
钩端螺旋体病,0.0,0.0,2023-05,2023,5,http://www.gscdc.net/html/news/yqtb/yqtb-show-6294.html
血吸虫病,0.0,0.0,2023-05,2023,5,http://www.gscdc.net/html/news/yqtb/yqtb-show-6294.html
疟疾,1.0,0.0,2023-05,2023,5,http://www.gscdc.net/html/news/yqtb/yqtb-show-6294.html
人感染H7N9禽流感,0.0,0.0,2023-05,2023,5,http://www.gscdc.net/html/news/yqtb/yqtb-show-6294.html
新型冠状病毒感染**,14822.0,0.0,2023-05,2023,5,http://www.gscdc.net/html/news/yqtb/yqtb-show-6294.html
丙类传染病合计,7569.0,0.0,2023-05,2023,5,http://www.gscdc.net/html/news/yqtb/yqtb-show-6294.html
流行性感冒,4214.0,0.0,2023-05,2023,5,http://www.gscdc.net/html/news/yqtb/yqtb-show-6294.html
流行性腮腺炎,191.0,0.0,2023-05,2023,5,http://www.gscdc.net/html/news/yqtb/yqtb-show-6294.html
风疹,2.0,0.0,2023-05,2023,5,http://www.gscdc.net/html/news/yqtb/yqtb-show-6294.html
急性出血性结膜炎,90.0,0.0,2023-05,2023,5,http://www.gscdc.net/html/news/yqtb/yqtb-show-6294.html
麻风病,0.0,0.0,2023-05,2023,5,http://www.gscdc.net/html/news/yqtb/yqtb-show-6294.html
斑疹伤寒,0.0,0.0,2023-05,2023,5,http://www.gscdc.net/html/news/yqtb/yqtb-show-6294.html
黑热病,4.0,0.0,2023-05,2023,5,http://www.gscdc.net/html/news/yqtb/yqtb-show-6294.html
包虫病,12.0,0.0,2023-05,2023,5,http://www.gscdc.net/html/news/yqtb/yqtb-show-6294.html
丝虫病,0.0,0.0,2023-05,2023,5,http://www.gscdc.net/html/news/yqtb/yqtb-show-6294.html
其它感染性腹泻病,2965.0,0.0,2023-05,2023,5,http://www.gscdc.net/html/news/yqtb/yqtb-show-6294.html
手足口病,91.0,0.0,2023-05,2023,5,http://www.gscdc.net/html/news/yqtb/yqtb-show-6294.html
甲乙丙类传染病总计,27481.0,7.0,2023-06,2023,6,http://www.gscdc.net/html/news/yqtb/yqtb-show-6452.html
甲乙类传染病合计,20028.0,7.0,2023-06,2023,6,http://www.gscdc.net/html/news/yqtb/yqtb-show-6452.html
鼠疫,0.0,0.0,2023-06,2023,6,http://www.gscdc.net/html/news/yqtb/yqtb-show-6452.html
霍乱,0.0,0.0,2023-06,2023,6,http://www.gscdc.net/html/news/yqtb/yqtb-show-6452.html
传染性非典型肺炎,0.0,0.0,2023-06,2023,6,http://www.gscdc.net/html/news/yqtb/yqtb-show-6452.html
艾滋病,87.0,7.0,2023-06,2023,6,http://www.gscdc.net/html/news/yqtb/yqtb-show-6452.html
病毒性肝炎*,1502.0,0.0,2023-06,2023,6,http://www.gscdc.net/html/news/yqtb/yqtb-show-6452.html
甲型肝炎,18.0,0.0,2023-06,2023,6,http://www.gscdc.net/html/news/yqtb/yqtb-show-6452.html
乙型肝炎,948.0,0.0,2023-06,2023,6,http://www.gscdc.net/html/news/yqtb/yqtb-show-6452.html
丙型肝炎,522.0,0.0,2023-06,2023,6,http://www.gscdc.net/html/news/yqtb/yqtb-show-6452.html
丁型肝炎,0.0,0.0,2023-06,2023,6,http://www.gscdc.net/html/news/yqtb/yqtb-show-6452.html
戊型肝炎,8.0,0.0,2023-06,2023,6,http://www.gscdc.net/html/news/yqtb/yqtb-show-6452.html
肝炎（未分型）,6.0,0.0,2023-06,2023,6,http://www.gscdc.net/html/news/yqtb/yqtb-show-6452.html
脊髓灰质炎,0.0,0.0,2023-06,2023,6,http://www.gscdc.net/html/news/yqtb/yqtb-show-6452.html
人感染高致病性禽流感,0.0,0.0,2023-06,2023,6,http://www.gscdc.net/html/news/yqtb/yqtb-show-6452.html
麻疹,2.0,0.0,2023-06,2023,6,http://www.gscdc.net/html/news/yqtb/yqtb-show-6452.html
流行性出血热,1.0,0.0,2023-06,2023,6,http://www.gscdc.net/html/news/yqtb/yqtb-show-6452.html
狂犬病,0.0,0.0,2023-06,2023,6,http://www.gscdc.net/html/news/yqtb/yqtb-show-6452.html
流行性乙型脑炎,0.0,0.0,2023-06,2023,6,http://www.gscdc.net/html/news/yqtb/yqtb-show-6452.html
登革热,0.0,0.0,2023-06,2023,6,http://www.gscdc.net/html/news/yqtb/yqtb-show-6452.html
皮肤炭疽,13.0,0.0,2023-06,2023,6,http://www.gscdc.net/html/news/yqtb/yqtb-show-6452.html
细菌性和阿米巴性痢疾,188.0,0.0,2023-06,2023,6,http://www.gscdc.net/html/news/yqtb/yqtb-show-6452.html
肺结核,1668.0,0.0,2023-06,2023,6,http://www.gscdc.net/html/news/yqtb/yqtb-show-6452.html
伤寒和副伤寒,4.0,0.0,2023-06,2023,6,http://www.gscdc.net/html/news/yqtb/yqtb-show-6452.html
流行性脑脊髓膜炎,1.0,0.0,2023-06,2023,6,http://www.gscdc.net/html/news/yqtb/yqtb-show-6452.html
百日咳,30.0,0.0,2023-06,2023,6,http://www.gscdc.net/html/news/yqtb/yqtb-show-6452.html
白喉,0.0,0.0,2023-06,2023,6,http://www.gscdc.net/html/news/yqtb/yqtb-show-6452.html
新生儿破伤风,0.0,0.0,2023-06,2023,6,http://www.gscdc.net/html/news/yqtb/yqtb-show-6452.html
猩红热,36.0,0.0,2023-06,2023,6,http://www.gscdc.net/html/news/yqtb/yqtb-show-6452.html
布鲁氏菌病,661.0,0.0,2023-06,2023,6,http://www.gscdc.net/html/news/yqtb/yqtb-show-6452.html
淋病,66.0,0.0,2023-06,2023,6,http://www.gscdc.net/html/news/yqtb/yqtb-show-6452.html
梅毒,617.0,0.0,2023-06,2023,6,http://www.gscdc.net/html/news/yqtb/yqtb-show-6452.html
钩端螺旋体病,0.0,0.0,2023-06,2023,6,http://www.gscdc.net/html/news/yqtb/yqtb-show-6452.html
血吸虫病,0.0,0.0,2023-06,2023,6,http://www.gscdc.net/html/news/yqtb/yqtb-show-6452.html
疟疾,2.0,0.0,2023-06,2023,6,http://www.gscdc.net/html/news/yqtb/yqtb-show-6452.html
人感染H7N9禽流感,0.0,0.0,2023-06,2023,6,http://www.gscdc.net/html/news/yqtb/yqtb-show-6452.html
新型冠状病毒感染**,15150.0,0.0,2023-06,2023,6,http://www.gscdc.net/html/news/yqtb/yqtb-show-6452.html
丙类传染病合计,7453.0,0.0,2023-06,2023,6,http://www.gscdc.net/html/news/yqtb/yqtb-show-6452.html
流行性感冒,4159.0,0.0,2023-06,2023,6,http://www.gscdc.net/html/news/yqtb/yqtb-show-6452.html
流行性腮腺炎,233.0,0.0,2023-06,2023,6,http://www.gscdc.net/html/news/yqtb/yqtb-show-6452.html
风疹,7.0,0.0,2023-06,2023,6,http://www.gscdc.net/html/news/yqtb/yqtb-show-6452.html
急性出血性结膜炎,92.0,0.0,2023-06,2023,6,http://www.gscdc.net/html/news/yqtb/yqtb-show-6452.html
麻风病,1.0,0.0,2023-06,2023,6,http://www.gscdc.net/html/news/yqtb/yqtb-show-6452.html
斑疹伤寒,0.0,0.0,2023-06,2023,6,http://www.gscdc.net/html/news/yqtb/yqtb-show-6452.html
黑热病,1.0,0.0,2023-06,2023,6,http://www.gscdc.net/html/news/yqtb/yqtb-show-6452.html
包虫病,21.0,0.0,2023-06,2023,6,http://www.gscdc.net/html/news/yqtb/yqtb-show-6452.html
丝虫病,0.0,0.0,2023-06,2023,6,http://www.gscdc.net/html/news/yqtb/yqtb-show-6452.html
其它感染性腹泻病,2549.0,0.0,2023-06,2023,6,http://www.gscdc.net/html/news/yqtb/yqtb-show-6452.html
手足口病,390.0,0.0,2023-06,2023,6,http://www.gscdc.net/html/news/yqtb/yqtb-show-6452.html
甲乙丙类传染病总计,17124.0,19.0,2023-07,2023,7,http://www.gscdc.net/html/news/yqtb/yqtb-show-6597.html
甲乙类传染病合计,10616.0,19.0,2023-07,2023,7,http://www.gscdc.net/html/news/yqtb/yqtb-show-6597.html
鼠疫,0.0,0.0,2023-07,2023,7,http://www.gscdc.net/html/news/yqtb/yqtb-show-6597.html
霍乱,0.0,0.0,2023-07,2023,7,http://www.gscdc.net/html/news/yqtb/yqtb-show-6597.html
传染性非典型肺炎,0.0,0.0,2023-07,2023,7,http://www.gscdc.net/html/news/yqtb/yqtb-show-6597.html
艾滋病,47.0,15.0,2023-07,2023,7,http://www.gscdc.net/html/news/yqtb/yqtb-show-6597.html
病毒性肝炎*,1643.0,1.0,2023-07,2023,7,http://www.gscdc.net/html/news/yqtb/yqtb-show-6597.html
甲型肝炎,20.0,0.0,2023-07,2023,7,http://www.gscdc.net/html/news/yqtb/yqtb-show-6597.html
乙型肝炎,1098.0,1.0,2023-07,2023,7,http://www.gscdc.net/html/news/yqtb/yqtb-show-6597.html
丙型肝炎,516.0,0.0,2023-07,2023,7,http://www.gscdc.net/html/news/yqtb/yqtb-show-6597.html
丁型肝炎,0.0,0.0,2023-07,2023,7,http://www.gscdc.net/html/news/yqtb/yqtb-show-6597.html
戊型肝炎,7.0,0.0,2023-07,2023,7,http://www.gscdc.net/html/news/yqtb/yqtb-show-6597.html
肝炎（未分型）,2.0,0.0,2023-07,2023,7,http://www.gscdc.net/html/news/yqtb/yqtb-show-6597.html
脊髓灰质炎,0.0,0.0,2023-07,2023,7,http://www.gscdc.net/html/news/yqtb/yqtb-show-6597.html
人感染高致病性禽流感,0.0,0.0,2023-07,2023,7,http://www.gscdc.net/html/news/yqtb/yqtb-show-6597.html
麻疹,3.0,0.0,2023-07,2023,7,http://www.gscdc.net/html/news/yqtb/yqtb-show-6597.html
流行性出血热,0.0,0.0,2023-07,2023,7,http://www.gscdc.net/html/news/yqtb/yqtb-show-6597.html
狂犬病,0.0,0.0,2023-07,2023,7,http://www.gscdc.net/html/news/yqtb/yqtb-show-6597.html
流行性乙型脑炎,2.0,0.0,2023-07,2023,7,http://www.gscdc.net/html/news/yqtb/yqtb-show-6597.html
登革热,2.0,0.0,2023-07,2023,7,http://www.gscdc.net/html/news/yqtb/yqtb-show-6597.html
皮肤炭疽,6.0,0.0,2023-07,2023,7,http://www.gscdc.net/html/news/yqtb/yqtb-show-6597.html
细菌性和阿米巴性痢疾,241.0,0.0,2023-07,2023,7,http://www.gscdc.net/html/news/yqtb/yqtb-show-6597.html
肺结核,1500.0,3.0,2023-07,2023,7,http://www.gscdc.net/html/news/yqtb/yqtb-show-6597.html
伤寒和副伤寒,3.0,0.0,2023-07,2023,7,http://www.gscdc.net/html/news/yqtb/yqtb-show-6597.html
流行性脑脊髓膜炎,0.0,0.0,2023-07,2023,7,http://www.gscdc.net/html/news/yqtb/yqtb-show-6597.html
百日咳,23.0,0.0,2023-07,2023,7,http://www.gscdc.net/html/news/yqtb/yqtb-show-6597.html
白喉,0.0,0.0,2023-07,2023,7,http://www.gscdc.net/html/news/yqtb/yqtb-show-6597.html
新生儿破伤风,0.0,0.0,2023-07,2023,7,http://www.gscdc.net/html/news/yqtb/yqtb-show-6597.html
猩红热,56.0,0.0,2023-07,2023,7,http://www.gscdc.net/html/news/yqtb/yqtb-show-6597.html
布鲁氏菌病,663.0,0.0,2023-07,2023,7,http://www.gscdc.net/html/news/yqtb/yqtb-show-6597.html
淋病,50.0,0.0,2023-07,2023,7,http://www.gscdc.net/html/news/yqtb/yqtb-show-6597.html
梅毒,721.0,0.0,2023-07,2023,7,http://www.gscdc.net/html/news/yqtb/yqtb-show-6597.html
钩端螺旋体病,0.0,0.0,2023-07,2023,7,http://www.gscdc.net/html/news/yqtb/yqtb-show-6597.html
血吸虫病,0.0,0.0,2023-07,2023,7,http://www.gscdc.net/html/news/yqtb/yqtb-show-6597.html
疟疾,5.0,0.0,2023-07,2023,7,http://www.gscdc.net/html/news/yqtb/yqtb-show-6597.html
人感染H7N9禽流感,0.0,0.0,2023-07,2023,7,http://www.gscdc.net/html/news/yqtb/yqtb-show-6597.html
新型冠状病毒感染**,5651.0,0.0,2023-07,2023,7,http://www.gscdc.net/html/news/yqtb/yqtb-show-6597.html
丙类传染病合计,6508.0,0.0,2023-07,2023,7,http://www.gscdc.net/html/news/yqtb/yqtb-show-6597.html
流行性感冒,2300.0,0.0,2023-07,2023,7,http://www.gscdc.net/html/news/yqtb/yqtb-show-6597.html
流行性腮腺炎,197.0,0.0,2023-07,2023,7,http://www.gscdc.net/html/news/yqtb/yqtb-show-6597.html
风疹,6.0,0.0,2023-07,2023,7,http://www.gscdc.net/html/news/yqtb/yqtb-show-6597.html
急性出血性结膜炎,76.0,0.0,2023-07,2023,7,http://www.gscdc.net/html/news/yqtb/yqtb-show-6597.html
麻风病,0.0,0.0,2023-07,2023,7,http://www.gscdc.net/html/news/yqtb/yqtb-show-6597.html
斑疹伤寒,1.0,0.0,2023-07,2023,7,http://www.gscdc.net/html/news/yqtb/yqtb-show-6597.html
黑热病,4.0,0.0,2023-07,2023,7,http://www.gscdc.net/html/news/yqtb/yqtb-show-6597.html
包虫病,18.0,0.0,2023-07,2023,7,http://www.gscdc.net/html/news/yqtb/yqtb-show-6597.html
丝虫病,0.0,0.0,2023-07,2023,7,http://www.gscdc.net/html/news/yqtb/yqtb-show-6597.html
其它感染性腹泻病,2461.0,0.0,2023-07,2023,7,http://www.gscdc.net/html/news/yqtb/yqtb-show-6597.html
手足口病,1445.0,0.0,2023-07,2023,7,http://www.gscdc.net/html/news/yqtb/yqtb-show-6597.html
甲乙丙类传染病总计,15657.0,17.0,2023-08,2023,8,http://www.gscdc.net/html/news/yqtb/yqtb-show-6741.html
甲乙类传染病合计,10600.0,17.0,2023-08,2023,8,http://www.gscdc.net/html/news/yqtb/yqtb-show-6741.html
鼠疫,0.0,0.0,2023-08,2023,8,http://www.gscdc.net/html/news/yqtb/yqtb-show-6741.html
霍乱,0.0,0.0,2023-08,2023,8,http://www.gscdc.net/html/news/yqtb/yqtb-show-6741.html
传染性非典型肺炎,0.0,0.0,2023-08,2023,8,http://www.gscdc.net/html/news/yqtb/yqtb-show-6741.html
艾滋病,93.0,17.0,2023-08,2023,8,http://www.gscdc.net/html/news/yqtb/yqtb-show-6741.html
病毒性肝炎*,1717.0,0.0,2023-08,2023,8,http://www.gscdc.net/html/news/yqtb/yqtb-show-6741.html
甲型肝炎,20.0,0.0,2023-08,2023,8,http://www.gscdc.net/html/news/yqtb/yqtb-show-6741.html
乙型肝炎,1098.0,0.0,2023-08,2023,8,http://www.gscdc.net/html/news/yqtb/yqtb-show-6741.html
丙型肝炎,583.0,0.0,2023-08,2023,8,http://www.gscdc.net/html/news/yqtb/yqtb-show-6741.html
丁型肝炎,0.0,0.0,2023-08,2023,8,http://www.gscdc.net/html/news/yqtb/yqtb-show-6741.html
戊型肝炎,12.0,0.0,2023-08,2023,8,http://www.gscdc.net/html/news/yqtb/yqtb-show-6741.html
肝炎（未分型）,4.0,0.0,2023-08,2023,8,http://www.gscdc.net/html/news/yqtb/yqtb-show-6741.html
脊髓灰质炎,0.0,0.0,2023-08,2023,8,http://www.gscdc.net/html/news/yqtb/yqtb-show-6741.html
人感染高致病性禽流感,0.0,0.0,2023-08,2023,8,http://www.gscdc.net/html/news/yqtb/yqtb-show-6741.html
麻疹,1.0,0.0,2023-08,2023,8,http://www.gscdc.net/html/news/yqtb/yqtb-show-6741.html
流行性出血热,1.0,0.0,2023-08,2023,8,http://www.gscdc.net/html/news/yqtb/yqtb-show-6741.html
狂犬病,0.0,0.0,2023-08,2023,8,http://www.gscdc.net/html/news/yqtb/yqtb-show-6741.html
流行性乙型脑炎,9.0,0.0,2023-08,2023,8,http://www.gscdc.net/html/news/yqtb/yqtb-show-6741.html
登革热,0.0,0.0,2023-08,2023,8,http://www.gscdc.net/html/news/yqtb/yqtb-show-6741.html
皮肤炭疽,38.0,0.0,2023-08,2023,8,http://www.gscdc.net/html/news/yqtb/yqtb-show-6741.html
细菌性和阿米巴性痢疾,255.0,0.0,2023-08,2023,8,http://www.gscdc.net/html/news/yqtb/yqtb-show-6741.html
肺结核,1491.0,0.0,2023-08,2023,8,http://www.gscdc.net/html/news/yqtb/yqtb-show-6741.html
伤寒和副伤寒,7.0,0.0,2023-08,2023,8,http://www.gscdc.net/html/news/yqtb/yqtb-show-6741.html
流行性脑脊髓膜炎,0.0,0.0,2023-08,2023,8,http://www.gscdc.net/html/news/yqtb/yqtb-show-6741.html
百日咳,58.0,0.0,2023-08,2023,8,http://www.gscdc.net/html/news/yqtb/yqtb-show-6741.html
白喉,0.0,0.0,2023-08,2023,8,http://www.gscdc.net/html/news/yqtb/yqtb-show-6741.html
新生儿破伤风,0.0,0.0,2023-08,2023,8,http://www.gscdc.net/html/news/yqtb/yqtb-show-6741.html
猩红热,30.0,0.0,2023-08,2023,8,http://www.gscdc.net/html/news/yqtb/yqtb-show-6741.html
布鲁氏菌病,772.0,0.0,2023-08,2023,8,http://www.gscdc.net/html/news/yqtb/yqtb-show-6741.html
淋病,83.0,0.0,2023-08,2023,8,http://www.gscdc.net/html/news/yqtb/yqtb-show-6741.html
梅毒,801.0,0.0,2023-08,2023,8,http://www.gscdc.net/html/news/yqtb/yqtb-show-6741.html
钩端螺旋体病,0.0,0.0,2023-08,2023,8,http://www.gscdc.net/html/news/yqtb/yqtb-show-6741.html
血吸虫病,0.0,0.0,2023-08,2023,8,http://www.gscdc.net/html/news/yqtb/yqtb-show-6741.html
疟疾,3.0,0.0,2023-08,2023,8,http://www.gscdc.net/html/news/yqtb/yqtb-show-6741.html
人感染H7N9禽流感,0.0,0.0,2023-08,2023,8,http://www.gscdc.net/html/news/yqtb/yqtb-show-6741.html
新型冠状病毒感染**,5241.0,0.0,2023-08,2023,8,http://www.gscdc.net/html/news/yqtb/yqtb-show-6741.html
丙类传染病合计,5057.0,0.0,2023-08,2023,8,http://www.gscdc.net/html/news/yqtb/yqtb-show-6741.html
流行性感冒,1532.0,0.0,2023-08,2023,8,http://www.gscdc.net/html/news/yqtb/yqtb-show-6741.html
流行性腮腺炎,164.0,0.0,2023-08,2023,8,http://www.gscdc.net/html/news/yqtb/yqtb-show-6741.html
风疹,3.0,0.0,2023-08,2023,8,http://www.gscdc.net/html/news/yqtb/yqtb-show-6741.html
急性出血性结膜炎,82.0,0.0,2023-08,2023,8,http://www.gscdc.net/html/news/yqtb/yqtb-show-6741.html
麻风病,1.0,0.0,2023-08,2023,8,http://www.gscdc.net/html/news/yqtb/yqtb-show-6741.html
斑疹伤寒,0.0,0.0,2023-08,2023,8,http://www.gscdc.net/html/news/yqtb/yqtb-show-6741.html
黑热病,1.0,0.0,2023-08,2023,8,http://www.gscdc.net/html/news/yqtb/yqtb-show-6741.html
包虫病,25.0,0.0,2023-08,2023,8,http://www.gscdc.net/html/news/yqtb/yqtb-show-6741.html
丝虫病,0.0,0.0,2023-08,2023,8,http://www.gscdc.net/html/news/yqtb/yqtb-show-6741.html
其它感染性腹泻病,2267.0,0.0,2023-08,2023,8,http://www.gscdc.net/html/news/yqtb/yqtb-show-6741.html
手足口病,982.0,0.0,2023-08,2023,8,http://www.gscdc.net/html/news/yqtb/yqtb-show-6741.html
甲乙丙类传染病总计,17575.0,15.0,2023-09,2023,9,http://www.gscdc.net/html/news/yqtb/yqtb-show-6878.html
甲乙类传染病合计,11229.0,15.0,2023-09,2023,9,http://www.gscdc.net/html/news/yqtb/yqtb-show-6878.html
鼠疫,0.0,0.0,2023-09,2023,9,http://www.gscdc.net/html/news/yqtb/yqtb-show-6878.html
霍乱,0.0,0.0,2023-09,2023,9,http://www.gscdc.net/html/news/yqtb/yqtb-show-6878.html
传染性非典型肺炎,0.0,0.0,2023-09,2023,9,http://www.gscdc.net/html/news/yqtb/yqtb-show-6878.html
艾滋病,59.0,14.0,2023-09,2023,9,http://www.gscdc.net/html/news/yqtb/yqtb-show-6878.html
病毒性肝炎*,1481.0,0.0,2023-09,2023,9,http://www.gscdc.net/html/news/yqtb/yqtb-show-6878.html
甲型肝炎,18.0,0.0,2023-09,2023,9,http://www.gscdc.net/html/news/yqtb/yqtb-show-6878.html
乙型肝炎,948.0,0.0,2023-09,2023,9,http://www.gscdc.net/html/news/yqtb/yqtb-show-6878.html
丙型肝炎,507.0,0.0,2023-09,2023,9,http://www.gscdc.net/html/news/yqtb/yqtb-show-6878.html
丁型肝炎,0.0,0.0,2023-09,2023,9,http://www.gscdc.net/html/news/yqtb/yqtb-show-6878.html
戊型肝炎,6.0,0.0,2023-09,2023,9,http://www.gscdc.net/html/news/yqtb/yqtb-show-6878.html
肝炎（未分型）,2.0,0.0,2023-09,2023,9,http://www.gscdc.net/html/news/yqtb/yqtb-show-6878.html
脊髓灰质炎,0.0,0.0,2023-09,2023,9,http://www.gscdc.net/html/news/yqtb/yqtb-show-6878.html
人感染高致病性禽流感,0.0,0.0,2023-09,2023,9,http://www.gscdc.net/html/news/yqtb/yqtb-show-6878.html
麻疹,1.0,0.0,2023-09,2023,9,http://www.gscdc.net/html/news/yqtb/yqtb-show-6878.html
流行性出血热,2.0,0.0,2023-09,2023,9,http://www.gscdc.net/html/news/yqtb/yqtb-show-6878.html
狂犬病,0.0,0.0,2023-09,2023,9,http://www.gscdc.net/html/news/yqtb/yqtb-show-6878.html
流行性乙型脑炎,5.0,0.0,2023-09,2023,9,http://www.gscdc.net/html/news/yqtb/yqtb-show-6878.html
登革热,0.0,0.0,2023-09,2023,9,http://www.gscdc.net/html/news/yqtb/yqtb-show-6878.html
皮肤炭疽,10.0,0.0,2023-09,2023,9,http://www.gscdc.net/html/news/yqtb/yqtb-show-6878.html
细菌性和阿米巴性痢疾,160.0,0.0,2023-09,2023,9,http://www.gscdc.net/html/news/yqtb/yqtb-show-6878.html
肺结核,1305.0,1.0,2023-09,2023,9,http://www.gscdc.net/html/news/yqtb/yqtb-show-6878.html
伤寒和副伤寒,7.0,0.0,2023-09,2023,9,http://www.gscdc.net/html/news/yqtb/yqtb-show-6878.html
流行性脑脊髓膜炎,0.0,0.0,2023-09,2023,9,http://www.gscdc.net/html/news/yqtb/yqtb-show-6878.html
百日咳,38.0,0.0,2023-09,2023,9,http://www.gscdc.net/html/news/yqtb/yqtb-show-6878.html
白喉,0.0,0.0,2023-09,2023,9,http://www.gscdc.net/html/news/yqtb/yqtb-show-6878.html
新生儿破伤风,0.0,0.0,2023-09,2023,9,http://www.gscdc.net/html/news/yqtb/yqtb-show-6878.html
猩红热,51.0,0.0,2023-09,2023,9,http://www.gscdc.net/html/news/yqtb/yqtb-show-6878.html
布鲁氏菌病,540.0,0.0,2023-09,2023,9,http://www.gscdc.net/html/news/yqtb/yqtb-show-6878.html
淋病,72.0,0.0,2023-09,2023,9,http://www.gscdc.net/html/news/yqtb/yqtb-show-6878.html
梅毒,660.0,0.0,2023-09,2023,9,http://www.gscdc.net/html/news/yqtb/yqtb-show-6878.html
钩端螺旋体病,0.0,0.0,2023-09,2023,9,http://www.gscdc.net/html/news/yqtb/yqtb-show-6878.html
血吸虫病,0.0,0.0,2023-09,2023,9,http://www.gscdc.net/html/news/yqtb/yqtb-show-6878.html
疟疾,3.0,0.0,2023-09,2023,9,http://www.gscdc.net/html/news/yqtb/yqtb-show-6878.html
人感染H7N9禽流感,0.0,0.0,2023-09,2023,9,http://www.gscdc.net/html/news/yqtb/yqtb-show-6878.html
新型冠状病毒感染**,6835.0,0.0,2023-09,2023,9,http://www.gscdc.net/html/news/yqtb/yqtb-show-6878.html
丙类传染病合计,6346.0,0.0,2023-09,2023,9,http://www.gscdc.net/html/news/yqtb/yqtb-show-6878.html
流行性感冒,2819.0,0.0,2023-09,2023,9,http://www.gscdc.net/html/news/yqtb/yqtb-show-6878.html
流行性腮腺炎,195.0,0.0,2023-09,2023,9,http://www.gscdc.net/html/news/yqtb/yqtb-show-6878.html
风疹,0.0,0.0,2023-09,2023,9,http://www.gscdc.net/html/news/yqtb/yqtb-show-6878.html
急性出血性结膜炎,88.0,0.0,2023-09,2023,9,http://www.gscdc.net/html/news/yqtb/yqtb-show-6878.html
麻风病,0.0,0.0,2023-09,2023,9,http://www.gscdc.net/html/news/yqtb/yqtb-show-6878.html
斑疹伤寒,0.0,0.0,2023-09,2023,9,http://www.gscdc.net/html/news/yqtb/yqtb-show-6878.html
黑热病,3.0,0.0,2023-09,2023,9,http://www.gscdc.net/html/news/yqtb/yqtb-show-6878.html
包虫病,26.0,0.0,2023-09,2023,9,http://www.gscdc.net/html/news/yqtb/yqtb-show-6878.html
丝虫病,0.0,0.0,2023-09,2023,9,http://www.gscdc.net/html/news/yqtb/yqtb-show-6878.html
其它感染性腹泻病,1749.0,0.0,2023-09,2023,9,http://www.gscdc.net/html/news/yqtb/yqtb-show-6878.html
手足口病,1466.0,0.0,2023-09,2023,9,http://www.gscdc.net/html/news/yqtb/yqtb-show-6878.html
甲乙丙类传染病总计,14639.0,21.0,2023-10,2023,10,http://www.gscdc.net/html/news/yqtb/yqtb-show-7035.html
甲乙类传染病合计,7140.0,21.0,2023-10,2023,10,http://www.gscdc.net/html/news/yqtb/yqtb-show-7035.html
鼠疫,0.0,0.0,2023-10,2023,10,http://www.gscdc.net/html/news/yqtb/yqtb-show-7035.html
霍乱,0.0,0.0,2023-10,2023,10,http://www.gscdc.net/html/news/yqtb/yqtb-show-7035.html
传染性非典型肺炎,0.0,0.0,2023-10,2023,10,http://www.gscdc.net/html/news/yqtb/yqtb-show-7035.html
艾滋病,70.0,19.0,2023-10,2023,10,http://www.gscdc.net/html/news/yqtb/yqtb-show-7035.html
病毒性肝炎*,1501.0,1.0,2023-10,2023,10,http://www.gscdc.net/html/news/yqtb/yqtb-show-7035.html
甲型肝炎,20.0,0.0,2023-10,2023,10,http://www.gscdc.net/html/news/yqtb/yqtb-show-7035.html
乙型肝炎,945.0,0.0,2023-10,2023,10,http://www.gscdc.net/html/news/yqtb/yqtb-show-7035.html
丙型肝炎,527.0,1.0,2023-10,2023,10,http://www.gscdc.net/html/news/yqtb/yqtb-show-7035.html
丁型肝炎,0.0,0.0,2023-10,2023,10,http://www.gscdc.net/html/news/yqtb/yqtb-show-7035.html
戊型肝炎,6.0,0.0,2023-10,2023,10,http://www.gscdc.net/html/news/yqtb/yqtb-show-7035.html
肝炎（未分型）,3.0,0.0,2023-10,2023,10,http://www.gscdc.net/html/news/yqtb/yqtb-show-7035.html
脊髓灰质炎,0.0,0.0,2023-10,2023,10,http://www.gscdc.net/html/news/yqtb/yqtb-show-7035.html
人感染高致病性禽流感,0.0,0.0,2023-10,2023,10,http://www.gscdc.net/html/news/yqtb/yqtb-show-7035.html
麻疹,2.0,0.0,2023-10,2023,10,http://www.gscdc.net/html/news/yqtb/yqtb-show-7035.html
流行性出血热,6.0,0.0,2023-10,2023,10,http://www.gscdc.net/html/news/yqtb/yqtb-show-7035.html
狂犬病,0.0,0.0,2023-10,2023,10,http://www.gscdc.net/html/news/yqtb/yqtb-show-7035.html
流行性乙型脑炎,1.0,0.0,2023-10,2023,10,http://www.gscdc.net/html/news/yqtb/yqtb-show-7035.html
登革热,1.0,0.0,2023-10,2023,10,http://www.gscdc.net/html/news/yqtb/yqtb-show-7035.html
皮肤炭疽,9.0,0.0,2023-10,2023,10,http://www.gscdc.net/html/news/yqtb/yqtb-show-7035.html
细菌性和阿米巴性痢疾,102.0,0.0,2023-10,2023,10,http://www.gscdc.net/html/news/yqtb/yqtb-show-7035.html
肺结核,1286.0,1.0,2023-10,2023,10,http://www.gscdc.net/html/news/yqtb/yqtb-show-7035.html
伤寒和副伤寒,1.0,0.0,2023-10,2023,10,http://www.gscdc.net/html/news/yqtb/yqtb-show-7035.html
流行性脑脊髓膜炎,0.0,0.0,2023-10,2023,10,http://www.gscdc.net/html/news/yqtb/yqtb-show-7035.html
百日咳,47.0,0.0,2023-10,2023,10,http://www.gscdc.net/html/news/yqtb/yqtb-show-7035.html
白喉,0.0,0.0,2023-10,2023,10,http://www.gscdc.net/html/news/yqtb/yqtb-show-7035.html
新生儿破伤风,0.0,0.0,2023-10,2023,10,http://www.gscdc.net/html/news/yqtb/yqtb-show-7035.html
猩红热,91.0,0.0,2023-10,2023,10,http://www.gscdc.net/html/news/yqtb/yqtb-show-7035.html
布鲁氏菌病,426.0,0.0,2023-10,2023,10,http://www.gscdc.net/html/news/yqtb/yqtb-show-7035.html
淋病,68.0,0.0,2023-10,2023,10,http://www.gscdc.net/html/news/yqtb/yqtb-show-7035.html
梅毒,647.0,0.0,2023-10,2023,10,http://www.gscdc.net/html/news/yqtb/yqtb-show-7035.html
钩端螺旋体病,0.0,0.0,2023-10,2023,10,http://www.gscdc.net/html/news/yqtb/yqtb-show-7035.html
血吸虫病,0.0,0.0,2023-10,2023,10,http://www.gscdc.net/html/news/yqtb/yqtb-show-7035.html
疟疾,1.0,0.0,2023-10,2023,10,http://www.gscdc.net/html/news/yqtb/yqtb-show-7035.html
人感染H7N9禽流感,0.0,0.0,2023-10,2023,10,http://www.gscdc.net/html/news/yqtb/yqtb-show-7035.html
新型冠状病毒感染**,2881.0,0.0,2023-10,2023,10,http://www.gscdc.net/html/news/yqtb/yqtb-show-7035.html
猴痘,0.0,0.0,2023-10,2023,10,http://www.gscdc.net/html/news/yqtb/yqtb-show-7035.html
丙类传染病合计,7499.0,0.0,2023-10,2023,10,http://www.gscdc.net/html/news/yqtb/yqtb-show-7035.html
流行性感冒,3626.0,0.0,2023-10,2023,10,http://www.gscdc.net/html/news/yqtb/yqtb-show-7035.html
流行性腮腺炎,147.0,0.0,2023-10,2023,10,http://www.gscdc.net/html/news/yqtb/yqtb-show-7035.html
风疹,3.0,0.0,2023-10,2023,10,http://www.gscdc.net/html/news/yqtb/yqtb-show-7035.html
急性出血性结膜炎,68.0,0.0,2023-10,2023,10,http://www.gscdc.net/html/news/yqtb/yqtb-show-7035.html
麻风病,0.0,0.0,2023-10,2023,10,http://www.gscdc.net/html/news/yqtb/yqtb-show-7035.html
斑疹伤寒,0.0,0.0,2023-10,2023,10,http://www.gscdc.net/html/news/yqtb/yqtb-show-7035.html
黑热病,1.0,0.0,2023-10,2023,10,http://www.gscdc.net/html/news/yqtb/yqtb-show-7035.html
包虫病,15.0,0.0,2023-10,2023,10,http://www.gscdc.net/html/news/yqtb/yqtb-show-7035.html
丝虫病,0.0,0.0,2023-10,2023,10,http://www.gscdc.net/html/news/yqtb/yqtb-show-7035.html
其它感染性腹泻病,1018.0,0.0,2023-10,2023,10,http://www.gscdc.net/html/news/yqtb/yqtb-show-7035.html
手足口病,2621.0,0.0,2023-10,2023,10,http://www.gscdc.net/html/news/yqtb/yqtb-show-7035.html
甲乙丙类传染病总计,26765.0,21.0,2023-11,2023,11,http://www.gscdc.net/html/news/yqtb/yqtb-show-7158.html
甲乙类传染病合计,6676.0,21.0,2023-11,2023,11,http://www.gscdc.net/html/news/yqtb/yqtb-show-7158.html
鼠疫,0.0,0.0,2023-11,2023,11,http://www.gscdc.net/html/news/yqtb/yqtb-show-7158.html
霍乱,0.0,0.0,2023-11,2023,11,http://www.gscdc.net/html/news/yqtb/yqtb-show-7158.html
传染性非典型肺炎,0.0,0.0,2023-11,2023,11,http://www.gscdc.net/html/news/yqtb/yqtb-show-7158.html
艾滋病,61.0,16.0,2023-11,2023,11,http://www.gscdc.net/html/news/yqtb/yqtb-show-7158.html
病毒性肝炎*,1733.0,1.0,2023-11,2023,11,http://www.gscdc.net/html/news/yqtb/yqtb-show-7158.html
甲型肝炎,16.0,0.0,2023-11,2023,11,http://www.gscdc.net/html/news/yqtb/yqtb-show-7158.html
乙型肝炎,1134.0,0.0,2023-11,2023,11,http://www.gscdc.net/html/news/yqtb/yqtb-show-7158.html
丙型肝炎,579.0,1.0,2023-11,2023,11,http://www.gscdc.net/html/news/yqtb/yqtb-show-7158.html
丁型肝炎,0.0,0.0,2023-11,2023,11,http://www.gscdc.net/html/news/yqtb/yqtb-show-7158.html
戊型肝炎,3.0,0.0,2023-11,2023,11,http://www.gscdc.net/html/news/yqtb/yqtb-show-7158.html
肝炎（未分型）,1.0,0.0,2023-11,2023,11,http://www.gscdc.net/html/news/yqtb/yqtb-show-7158.html
脊髓灰质炎,0.0,0.0,2023-11,2023,11,http://www.gscdc.net/html/news/yqtb/yqtb-show-7158.html
人感染高致病性禽流感,0.0,0.0,2023-11,2023,11,http://www.gscdc.net/html/news/yqtb/yqtb-show-7158.html
麻疹,4.0,0.0,2023-11,2023,11,http://www.gscdc.net/html/news/yqtb/yqtb-show-7158.html
流行性出血热,9.0,0.0,2023-11,2023,11,http://www.gscdc.net/html/news/yqtb/yqtb-show-7158.html
狂犬病,0.0,0.0,2023-11,2023,11,http://www.gscdc.net/html/news/yqtb/yqtb-show-7158.html
流行性乙型脑炎,2.0,0.0,2023-11,2023,11,http://www.gscdc.net/html/news/yqtb/yqtb-show-7158.html
登革热,0.0,0.0,2023-11,2023,11,http://www.gscdc.net/html/news/yqtb/yqtb-show-7158.html
皮肤炭疽,10.0,0.0,2023-11,2023,11,http://www.gscdc.net/html/news/yqtb/yqtb-show-7158.html
细菌性和阿米巴性痢疾,69.0,0.0,2023-11,2023,11,http://www.gscdc.net/html/news/yqtb/yqtb-show-7158.html
肺结核,1515.0,3.0,2023-11,2023,11,http://www.gscdc.net/html/news/yqtb/yqtb-show-7158.html
伤寒和副伤寒,1.0,0.0,2023-11,2023,11,http://www.gscdc.net/html/news/yqtb/yqtb-show-7158.html
流行性脑脊髓膜炎,0.0,0.0,2023-11,2023,11,http://www.gscdc.net/html/news/yqtb/yqtb-show-7158.html
百日咳,70.0,1.0,2023-11,2023,11,http://www.gscdc.net/html/news/yqtb/yqtb-show-7158.html
白喉,0.0,0.0,2023-11,2023,11,http://www.gscdc.net/html/news/yqtb/yqtb-show-7158.html
新生儿破伤风,0.0,0.0,2023-11,2023,11,http://www.gscdc.net/html/news/yqtb/yqtb-show-7158.html
猩红热,116.0,0.0,2023-11,2023,11,http://www.gscdc.net/html/news/yqtb/yqtb-show-7158.html
布鲁氏菌病,365.0,0.0,2023-11,2023,11,http://www.gscdc.net/html/news/yqtb/yqtb-show-7158.html
淋病,66.0,0.0,2023-11,2023,11,http://www.gscdc.net/html/news/yqtb/yqtb-show-7158.html
梅毒,868.0,0.0,2023-11,2023,11,http://www.gscdc.net/html/news/yqtb/yqtb-show-7158.html
钩端螺旋体病,0.0,0.0,2023-11,2023,11,http://www.gscdc.net/html/news/yqtb/yqtb-show-7158.html
血吸虫病,0.0,0.0,2023-11,2023,11,http://www.gscdc.net/html/news/yqtb/yqtb-show-7158.html
疟疾,2.0,0.0,2023-11,2023,11,http://www.gscdc.net/html/news/yqtb/yqtb-show-7158.html
人感染H7N9禽流感,0.0,0.0,2023-11,2023,11,http://www.gscdc.net/html/news/yqtb/yqtb-show-7158.html
新型冠状病毒感染**,1784.0,0.0,2023-11,2023,11,http://www.gscdc.net/html/news/yqtb/yqtb-show-7158.html
猴痘,1.0,0.0,2023-11,2023,11,http://www.gscdc.net/html/news/yqtb/yqtb-show-7158.html
丙类传染病合计,20089.0,0.0,2023-11,2023,11,http://www.gscdc.net/html/news/yqtb/yqtb-show-7158.html
流行性感冒,17056.0,0.0,2023-11,2023,11,http://www.gscdc.net/html/news/yqtb/yqtb-show-7158.html
流行性腮腺炎,161.0,0.0,2023-11,2023,11,http://www.gscdc.net/html/news/yqtb/yqtb-show-7158.html
风疹,1.0,0.0,2023-11,2023,11,http://www.gscdc.net/html/news/yqtb/yqtb-show-7158.html
急性出血性结膜炎,108.0,0.0,2023-11,2023,11,http://www.gscdc.net/html/news/yqtb/yqtb-show-7158.html
麻风病,0.0,0.0,2023-11,2023,11,http://www.gscdc.net/html/news/yqtb/yqtb-show-7158.html
斑疹伤寒,2.0,0.0,2023-11,2023,11,http://www.gscdc.net/html/news/yqtb/yqtb-show-7158.html
黑热病,3.0,0.0,2023-11,2023,11,http://www.gscdc.net/html/news/yqtb/yqtb-show-7158.html
包虫病,18.0,0.0,2023-11,2023,11,http://www.gscdc.net/html/news/yqtb/yqtb-show-7158.html
丝虫病,0.0,0.0,2023-11,2023,11,http://www.gscdc.net/html/news/yqtb/yqtb-show-7158.html
其它感染性腹泻病,984.0,0.0,2023-11,2023,11,http://www.gscdc.net/html/news/yqtb/yqtb-show-7158.html
手足口病,1756.0,0.0,2023-11,2023,11,http://www.gscdc.net/html/news/yqtb/yqtb-show-7158.html
甲乙丙类传染病总计,48045.0,23.0,2023-12,2023,12,http://www.gscdc.net/html/news/yqtb/yqtb-show-7355.html
甲乙类传染病合计,6045.0,23.0,2023-12,2023,12,http://www.gscdc.net/html/news/yqtb/yqtb-show-7355.html
鼠疫,0.0,0.0,2023-12,2023,12,http://www.gscdc.net/html/news/yqtb/yqtb-show-7355.html
霍乱,0.0,0.0,2023-12,2023,12,http://www.gscdc.net/html/news/yqtb/yqtb-show-7355.html
传染性非典型肺炎,0.0,0.0,2023-12,2023,12,http://www.gscdc.net/html/news/yqtb/yqtb-show-7355.html
艾滋病,71.0,21.0,2023-12,2023,12,http://www.gscdc.net/html/news/yqtb/yqtb-show-7355.html
病毒性肝炎*,1771.0,1.0,2023-12,2023,12,http://www.gscdc.net/html/news/yqtb/yqtb-show-7355.html
甲型肝炎,10.0,0.0,2023-12,2023,12,http://www.gscdc.net/html/news/yqtb/yqtb-show-7355.html
乙型肝炎,1222.0,0.0,2023-12,2023,12,http://www.gscdc.net/html/news/yqtb/yqtb-show-7355.html
丙型肝炎,529.0,1.0,2023-12,2023,12,http://www.gscdc.net/html/news/yqtb/yqtb-show-7355.html
丁型肝炎,0.0,0.0,2023-12,2023,12,http://www.gscdc.net/html/news/yqtb/yqtb-show-7355.html
戊型肝炎,4.0,0.0,2023-12,2023,12,http://www.gscdc.net/html/news/yqtb/yqtb-show-7355.html
肝炎（未分型）,6.0,0.0,2023-12,2023,12,http://www.gscdc.net/html/news/yqtb/yqtb-show-7355.html
脊髓灰质炎,0.0,0.0,2023-12,2023,12,http://www.gscdc.net/html/news/yqtb/yqtb-show-7355.html
人感染高致病性禽流感,0.0,0.0,2023-12,2023,12,http://www.gscdc.net/html/news/yqtb/yqtb-show-7355.html
麻疹,5.0,0.0,2023-12,2023,12,http://www.gscdc.net/html/news/yqtb/yqtb-show-7355.html
流行性出血热,15.0,0.0,2023-12,2023,12,http://www.gscdc.net/html/news/yqtb/yqtb-show-7355.html
狂犬病,0.0,0.0,2023-12,2023,12,http://www.gscdc.net/html/news/yqtb/yqtb-show-7355.html
流行性乙型脑炎,0.0,0.0,2023-12,2023,12,http://www.gscdc.net/html/news/yqtb/yqtb-show-7355.html
登革热,0.0,0.0,2023-12,2023,12,http://www.gscdc.net/html/news/yqtb/yqtb-show-7355.html
皮肤炭疽,6.0,0.0,2023-12,2023,12,http://www.gscdc.net/html/news/yqtb/yqtb-show-7355.html
细菌性和阿米巴性痢疾,51.0,0.0,2023-12,2023,12,http://www.gscdc.net/html/news/yqtb/yqtb-show-7355.html
肺结核,1303.0,1.0,2023-12,2023,12,http://www.gscdc.net/html/news/yqtb/yqtb-show-7355.html
伤寒和副伤寒,0.0,0.0,2023-12,2023,12,http://www.gscdc.net/html/news/yqtb/yqtb-show-7355.html
流行性脑脊髓膜炎,0.0,0.0,2023-12,2023,12,http://www.gscdc.net/html/news/yqtb/yqtb-show-7355.html
百日咳,138.0,0.0,2023-12,2023,12,http://www.gscdc.net/html/news/yqtb/yqtb-show-7355.html
白喉,0.0,0.0,2023-12,2023,12,http://www.gscdc.net/html/news/yqtb/yqtb-show-7355.html
新生儿破伤风,0.0,0.0,2023-12,2023,12,http://www.gscdc.net/html/news/yqtb/yqtb-show-7355.html
猩红热,142.0,0.0,2023-12,2023,12,http://www.gscdc.net/html/news/yqtb/yqtb-show-7355.html
布鲁氏菌病,386.0,0.0,2023-12,2023,12,http://www.gscdc.net/html/news/yqtb/yqtb-show-7355.html
淋病,62.0,0.0,2023-12,2023,12,http://www.gscdc.net/html/news/yqtb/yqtb-show-7355.html
梅毒,812.0,0.0,2023-12,2023,12,http://www.gscdc.net/html/news/yqtb/yqtb-show-7355.html
钩端螺旋体病,0.0,0.0,2023-12,2023,12,http://www.gscdc.net/html/news/yqtb/yqtb-show-7355.html
血吸虫病,0.0,0.0,2023-12,2023,12,http://www.gscdc.net/html/news/yqtb/yqtb-show-7355.html
疟疾,5.0,0.0,2023-12,2023,12,http://www.gscdc.net/html/news/yqtb/yqtb-show-7355.html
人感染H7N9禽流感,0.0,0.0,2023-12,2023,12,http://www.gscdc.net/html/news/yqtb/yqtb-show-7355.html
新型冠状病毒感染**,1278.0,0.0,2023-12,2023,12,http://www.gscdc.net/html/news/yqtb/yqtb-show-7355.html
猴痘,0.0,0.0,2023-12,2023,12,http://www.gscdc.net/html/news/yqtb/yqtb-show-7355.html
丙类传染病合计,42000.0,0.0,2023-12,2023,12,http://www.gscdc.net/html/news/yqtb/yqtb-show-7355.html
流行性感冒,40168.0,0.0,2023-12,2023,12,http://www.gscdc.net/html/news/yqtb/yqtb-show-7355.html
流行性腮腺炎,142.0,0.0,2023-12,2023,12,http://www.gscdc.net/html/news/yqtb/yqtb-show-7355.html
风疹,3.0,0.0,2023-12,2023,12,http://www.gscdc.net/html/news/yqtb/yqtb-show-7355.html
急性出血性结膜炎,49.0,0.0,2023-12,2023,12,http://www.gscdc.net/html/news/yqtb/yqtb-show-7355.html
麻风病,0.0,0.0,2023-12,2023,12,http://www.gscdc.net/html/news/yqtb/yqtb-show-7355.html
斑疹伤寒,0.0,0.0,2023-12,2023,12,http://www.gscdc.net/html/news/yqtb/yqtb-show-7355.html
黑热病,1.0,0.0,2023-12,2023,12,http://www.gscdc.net/html/news/yqtb/yqtb-show-7355.html
包虫病,36.0,0.0,2023-12,2023,12,http://www.gscdc.net/html/news/yqtb/yqtb-show-7355.html
丝虫病,0.0,0.0,2023-12,2023,12,http://www.gscdc.net/html/news/yqtb/yqtb-show-7355.html
其它感染性腹泻病,1229.0,0.0,2023-12,2023,12,http://www.gscdc.net/html/news/yqtb/yqtb-show-7355.html
手足口病,372.0,0.0,2023-12,2023,12,http://www.gscdc.net/html/news/yqtb/yqtb-show-7355.html
