中文解释,链接,年份,月份
2023年11月河南省法定传染病疫情概况,http://wsjkw.henan.gov.cn/2023/12-15/2866881.html,2023,11
2023年10月河南省法定传染病疫情概况,http://wsjkw.henan.gov.cn/2023/11-29/2856163.html,2023,10
2023年9月河南省法定传染病疫情概况,http://wsjkw.henan.gov.cn/2023/10-11/2828509.html,2023,9
2023年8月河南省法定传染病疫情概况,http://wsjkw.henan.gov.cn/2023/09-21/2819399.html,2023,8
2023年7月河南省法定传染病疫情概况,http://wsjkw.henan.gov.cn/2023/08-24/2801969.html,2023,7
2023年6月河南省法定传染病疫情概况,http://wsjkw.henan.gov.cn/2023/07-12/2776991.html,2023,6
2023年5月河南省法定传染病疫情概况,http://wsjkw.henan.gov.cn/2023/06-12/2759700.html,2023,5
2023年4月河南省法定传染病疫情概况,http://wsjkw.henan.gov.cn/2023/05-16/2743857.html,2023,4
2023年3月河南省法定传染病疫情概况,http://wsjkw.henan.gov.cn/2023/05-16/2743855.html,2023,3
2023年2月河南省法定传染病疫情概况,http://wsjkw.henan.gov.cn/2023/03-10/2704512.html,2023,2
2023年1月河南省法定传染病疫情概况,http://wsjkw.henan.gov.cn/2023/02-28/2697880.html,2023,1
2022年12月河南省法定传染病疫情概况,http://wsjkw.henan.gov.cn/2023/01-19/2676267.html,2022,12
2022年11月河南省法定传染病疫情概况,http://wsjkw.henan.gov.cn/2022/12-15/2657705.html,2022,11
2022年10月河南省法定传染病疫情概况,http://wsjkw.henan.gov.cn/2022/12-15/2657702.html,2022,10
2022年9月河南省法定传染病疫情概况,http://wsjkw.henan.gov.cn/2022/10-26/2628793.html,2022,9
2022年8月河南省法定传染病疫情概况,http://wsjkw.henan.gov.cn/2022/09-15/2607098.html,2022,8
2022年7月河南省法定传染病疫情概况,http://wsjkw.henan.gov.cn/2022/08-26/2568323.html,2022,7
2022年6月河南省法定传染病疫情概况,http://wsjkw.henan.gov.cn/2022/07-20/2490253.html,2022,6
2022年5月河南省法定传染病疫情概况,http://wsjkw.henan.gov.cn/2022/07-04/2479963.html,2022,5
2022年4月河南省法定传染病疫情概况,http://wsjkw.henan.gov.cn/2022/07-04/2479962.html,2022,4
2022年3月河南省法定传染病疫情概况,http://wsjkw.henan.gov.cn/2022/04-15/2432060.html,2022,3
2022年2月河南省法定传染病疫情概况,http://wsjkw.henan.gov.cn/2022/03-25/2420803.html,2022,2
2022年1月河南省法定传染病疫情概况,http://wsjkw.henan.gov.cn/2022/03-25/2420802.html,2022,1
2021年12月河南省法定传染病疫情概况,http://wsjkw.henan.gov.cn/2022/01-26/2388443.html,2021,12
2021年11月河南省法定传染病疫情概况,http://wsjkw.henan.gov.cn/2021/12-08/2362205.html,2021,11
2021年10月河南省法定传染病疫情概况,http://wsjkw.henan.gov.cn/2021/11-10/2344639.html,2021,10
2021年9月河南省法定传染病疫情概况,http://wsjkw.henan.gov.cn/2021/10-11/2325268.html,2021,9
2020年12月河南省法定传染病疫情概况,http://wsjkw.henan.gov.cn/2021/01-20/2082975.html,2020,12
2020年11月河南省法定传染病疫情概况,http://wsjkw.henan.gov.cn/2020/12-18/2003387.html,2020,11
2020年10月河南省法定传染病疫情概况,http://wsjkw.henan.gov.cn/2020/11-12/1889272.html,2020,10
2020年9月河南省法定传染病疫情概况,http://wsjkw.henan.gov.cn/2020/10-15/1822139.html,2020,9
2020年8月河南省法定传染病疫情概况,http://wsjkw.henan.gov.cn/2020/09-11/1766086.html,2020,8
2020年7月河南省法定传染病疫情概况,http://wsjkw.henan.gov.cn/2020/08-13/1754658.html,2020,7
2020年6月河南省法定传染病疫情概况,http://wsjkw.henan.gov.cn/2020/07-16/1741104.html,2020,6
2020年5月河南省法定传染病疫情概况,http://wsjkw.henan.gov.cn/2020/06-11/1548120.html,2020,5
2020年4月河南省法定传染病疫情概况,http://wsjkw.henan.gov.cn/2020/05-08/1374009.html,2020,4
2020年3月河南省法定传染病疫情概况,http://wsjkw.henan.gov.cn/2020/05-08/1374008.html,2020,3
2020年2月河南省法定传染病疫情信息报告,http://wsjkw.henan.gov.cn/2020/03-05/1314834.html,2020,2
2020年1月河南省法定传染病疫情信息报告,http://wsjkw.henan.gov.cn/2020/02-07/1314833.html,2020,1
2019年12月河南省法定传染病疫情概况,http://wsjkw.henan.gov.cn/2020/01-10/1281672.html,2019,12
2019年11月河南省法定传染病疫情概况,http://wsjkw.henan.gov.cn/2019/12-05/1270139.html,2019,11
2019年10月河南省法定传染病疫情概况,http://wsjkw.henan.gov.cn/2019/11-12/1270138.html,2019,10
2019年9月河南省法定传染病疫情概况,http://wsjkw.henan.gov.cn/2019/10-17/1270137.html,2019,9
2019年8月河南省法定传染病疫情概况,http://wsjkw.henan.gov.cn/2019/09-10/1270136.html,2019,8
2019年7月河南省法定传染病疫情概况,http://wsjkw.henan.gov.cn/2019/08-14/1270135.html,2019,7
2019年6月河南省法定传染病疫情概况,http://wsjkw.henan.gov.cn/2019/07-04/1270134.html,2019,6
2019年5月河南省法定传染病疫情概况,http://wsjkw.henan.gov.cn/2019/06-05/1270133.html,2019,5
2019年4月河南省法定传染病疫情概况,http://wsjkw.henan.gov.cn/2019/05-07/1270132.html,2019,4
2019年3月河南省法定传染病疫情概况,http://wsjkw.henan.gov.cn/2019/04-09/1270131.html,2019,3
2019年2月河南省法定传染病疫情概况,http://wsjkw.henan.gov.cn/2019/03-06/1270130.html,2019,2
2019年1月河南省法定传染病疫情概况,http://wsjkw.henan.gov.cn/2019/02-14/1270129.html,2019,1
2018年12月河南省法定传染病疫情概况,http://wsjkw.henan.gov.cn/2019/01-09/1270128.html,2018,12
2018年11月河南省法定传染病疫情概况,http://wsjkw.henan.gov.cn/2018/12-10/1270127.html,2018,11
2018年10月河南省法定传染病疫情概况,http://wsjkw.henan.gov.cn/2018/11-12/1270126.html,2018,10
2018年9月河南省法定传染病疫情概况,http://wsjkw.henan.gov.cn/2018/10-10/1270123.html,2018,9
2018年8月河南省法定传染病疫情概况,http://wsjkw.henan.gov.cn/2018/09-10/1270122.html,2018,8
2018年7月河南省法定传染病疫情概况,http://wsjkw.henan.gov.cn/2018/08-07/1270121.html,2018,7
2018年6月河南省法定传染病疫情概况,http://wsjkw.henan.gov.cn/2018/07-09/1270120.html,2018,6
2018年5月河南省法定传染病疫情概况,http://wsjkw.henan.gov.cn/2018/06-11/1270119.html,2018,5
2018年4月河南省法定传染病疫情概况,http://wsjkw.henan.gov.cn/2018/05-04/1270118.html,2018,4
2018年3月河南省法定传染病疫情概况,http://wsjkw.henan.gov.cn/2018/04-16/1270117.html,2018,3
2018年2月河南省法定传染病疫情概况,http://wsjkw.henan.gov.cn/2018/03-14/1270116.html,2018,2
2018年1月河南省法定传染病疫情概况,http://wsjkw.henan.gov.cn/2018/02-12/1270115.html,2018,1
2017年12月河南省法定传染病疫情概况,http://wsjkw.henan.gov.cn/2018/01-05/1270114.html,2017,12
2017年11月河南省法定传染病疫情概况,http://wsjkw.henan.gov.cn/2017/12-08/1270113.html,2017,11
2017年10月河南省法定传染病疫情概况,http://wsjkw.henan.gov.cn/2017/11-15/1270112.html,2017,10
2017年9月河南省法定传染病疫情概况,http://wsjkw.henan.gov.cn/2017/10-16/1270111.html,2017,9
2017年8月河南省法定传染病疫情概况,http://wsjkw.henan.gov.cn/2017/09-06/1270110.html,2017,8
2017年7月河南省法定传染病疫情概况,http://wsjkw.henan.gov.cn/2017/08-10/1270109.html,2017,7
2017年6月河南省法定传染病疫情概况,http://wsjkw.henan.gov.cn/2017/07-07/1270108.html,2017,6
2017年5月河南省法定传染病疫情概况,http://wsjkw.henan.gov.cn/2017/06-09/1270107.html,2017,5
2017年4月河南省法定传染病疫情概况,http://wsjkw.henan.gov.cn/2017/05-08/1270106.html,2017,4
2017年3月河南省法定传染病疫情概况,http://wsjkw.henan.gov.cn/2017/04-11/1270105.html,2017,3
2017年2月河南省法定传染病疫情概况,http://wsjkw.henan.gov.cn/2017/03-10/1270103.html,2017,2
2017年1月河南省法定传染病疫情概况,http://wsjkw.henan.gov.cn/2017/02-06/1270098.html,2017,1
2016年12月河南省法定传染病疫情概况,http://wsjkw.henan.gov.cn/2017/01-11/1270097.html,2016,12
2016年11月河南省法定传染病疫情概况,http://wsjkw.henan.gov.cn/2016/12-06/1270096.html,2016,11
2016年10月河南省法定传染病疫情概况,http://wsjkw.henan.gov.cn/2016/11-24/1270095.html,2016,10
2016年9月河南省法定传染病疫情概况,http://wsjkw.henan.gov.cn/2016/11-23/1270094.html,2016,9
2016年8月河南省法定传染病疫情概况,http://wsjkw.henan.gov.cn/2016/11-23/1270092.html,2016,8
2016年7月河南省法定传染病疫情概况,http://wsjkw.henan.gov.cn/2016/08-26/1270089.html,2016,7
2016年5月河南省法定传染病疫情概况,http://wsjkw.henan.gov.cn/2016/07-20/1270088.html,2016,5
2016年6月河南省法定传染病疫情概况,http://wsjkw.henan.gov.cn/2016/07-20/1270086.html,2016,6
2016年4月河南省法定传染病疫情概况,http://wsjkw.henan.gov.cn/2016/05-12/1270085.html,2016,4
2016年3月河南省法定传染病疫情概况,http://wsjkw.henan.gov.cn/2016/05-12/1270084.html,2016,3
2016年1月河南省法定传染病疫情概况,http://wsjkw.henan.gov.cn/2016/03-29/1270083.html,2016,1
2016年2月河南省法定传染病疫情概况,http://wsjkw.henan.gov.cn/2016/03-29/1270082.html,2016,2
2015年11月河南省法定传染病疫情概况,http://wsjkw.henan.gov.cn/2016/01-22/1270081.html,2015,11
2015年10月河南省法定传染病疫情概况,http://wsjkw.henan.gov.cn/2015/11-29/1270080.html,2015,10
2015年9月河南省法定传染病疫情概况,http://wsjkw.henan.gov.cn/2015/11-03/1270079.html,2015,9
2015年7月河南省法定传染病疫情概况,http://wsjkw.henan.gov.cn/2015/09-11/1270078.html,2015,7
2015年8月河南省法定传染病疫情概况,http://wsjkw.henan.gov.cn/2015/09-11/1270077.html,2015,8
2015年6月河南省法定传染病疫情概况,http://wsjkw.henan.gov.cn/2015/07-21/1270076.html,2015,6
2015年5月河南省法定传染病疫情概况,http://wsjkw.henan.gov.cn/2015/06-10/1270075.html,2015,5
2015年4月河南省法定传染病疫情概况,http://wsjkw.henan.gov.cn/2015/06-10/1270074.html,2015,4
2015年3月河南省法定传染病疫情概况,http://wsjkw.henan.gov.cn/2015/04-21/1270073.html,2015,3
2015年2月河南省法定传染病疫情概况,http://wsjkw.henan.gov.cn/2015/04-09/1270072.html,2015,2
2014年12月河南省法定传染病疫情概况,http://wsjkw.henan.gov.cn/2015/01-16/1270071.html,2014,12
2014年11月河南省法定传染病疫情概况,http://wsjkw.henan.gov.cn/2014/12-23/1270070.html,2014,11
2014年10月河南省法定传染病疫情概况,http://wsjkw.henan.gov.cn/2014/12-03/1270069.html,2014,10
2014年9月河南省法定传染病疫情概况,http://wsjkw.henan.gov.cn/2014/10-29/1270068.html,2014,9
2014年8月河南省法定传染病疫情概况,http://wsjkw.henan.gov.cn/2014/10-29/1270067.html,2014,8
2014年7月河南省法定传染病疫情概况,http://wsjkw.henan.gov.cn/2014/08-07/1270066.html,2014,7
2014年6月河南省法定传染病疫情概况,http://wsjkw.henan.gov.cn/2014/08-07/1270065.html,2014,6
2014年5月河南省法定传染病疫情概况,http://wsjkw.henan.gov.cn/2014/06-12/1270064.html,2014,5
2014年4月河南省法定传染病疫情概况,http://wsjkw.henan.gov.cn/2014/05-14/1270062.html,2014,4
2014年3月河南省法定传染病疫情概况,http://wsjkw.henan.gov.cn/2014/04-15/1270061.html,2014,3
2014年2月河南省法定传染病疫情概况,http://wsjkw.henan.gov.cn/2014/03-14/1270060.html,2014,2
2014年1月河南省法定传染病疫情概况,http://wsjkw.henan.gov.cn/2014/02-13/1270059.html,2014,1
2013年12月河南省法定传染病疫情概况,http://wsjkw.henan.gov.cn/2014/01-10/1270058.html,2013,12
2013年11月河南省法定传染病疫情概况,http://wsjkw.henan.gov.cn/2013/12-06/1270057.html,2013,11
2013年10月河南省法定传染病疫情概况,http://wsjkw.henan.gov.cn/2013/11-15/1270056.html,2013,10
2013年9月河南省法定传染病疫情信息概况,http://wsjkw.henan.gov.cn/2013/10-11/1270055.html,2013,9
河南省卫生厅发布2013年4月河南省法定传染病疫情,http://wsjkw.henan.gov.cn/2013/09-22/1270053.html,2013,4
河南省卫生厅发布2013年5月河南省法定传染病疫情,http://wsjkw.henan.gov.cn/2013/09-22/1270052.html,2013,5
河南省卫生厅发布2013年7月河南省法定传染病疫情,http://wsjkw.henan.gov.cn/2013/09-22/1270051.html,2013,7
河南省卫生厅发布2013年8月河南省法定传染病疫情,http://wsjkw.henan.gov.cn/2013/09-22/1270050.html,2013,8
河南省卫生厅发布2013年6月河南省法定传染病疫情,http://wsjkw.henan.gov.cn/2013/09-22/1270049.html,2013,6
河南省卫生厅发布2013年2月河南省法定传染病疫情,http://wsjkw.henan.gov.cn/2013/09-22/1270048.html,2013,2
河南省卫生厅发布2013年3月河南省法定传染病疫情,http://wsjkw.henan.gov.cn/2013/09-22/1270047.html,2013,3
河南省卫生厅发布2013年1月河南省法定传染病疫情,http://wsjkw.henan.gov.cn/2013/09-22/1270046.html,2013,1
河南省2009年10月份法定传染病疫情信息报告,http://wsjkw.henan.gov.cn/2009/12-02/1270036.html,2009,10
河南省2009年9月份法定传染病疫情信息报告,http://wsjkw.henan.gov.cn/2009/10-03/1270035.html,2009,9
河南省2009年8月份法定传染病疫情信息报告,http://wsjkw.henan.gov.cn/2009/09-03/1270034.html,2009,8
河南省2009年7月份法定传染病疫情信息报告,http://wsjkw.henan.gov.cn/2009/08-04/1270033.html,2009,7
河南省2009年6月份法定传染病疫情信息报告,http://wsjkw.henan.gov.cn/2009/07-03/1270032.html,2009,6
河南省2009年5月份法定传染病疫情信息报告,http://wsjkw.henan.gov.cn/2009/06-05/1270031.html,2009,5
河南省2009年4月份法定传染病疫情信息报告,http://wsjkw.henan.gov.cn/2009/05-05/1270030.html,2009,4
河南省2009年3月份法定传染病疫情信息报告,http://wsjkw.henan.gov.cn/2009/04-03/1270029.html,2009,3
河南省2009年2月份法定传染病疫情信息报告,http://wsjkw.henan.gov.cn/2009/03-04/1270028.html,2009,2
河南省2009年1月份法定传染病疫情信息报告,http://wsjkw.henan.gov.cn/2009/02-05/1270027.html,2009,1
