中文解释,链接,Referer,年份,月份
2023年12月四川省法定传染病疫情概况,http://wsjkw.sc.gov.cn/scwsjkw/rdts/2024/1/12/ffa075193860481e91acc9d3c744534a.shtml,https://wsjkw.sc.gov.cn/guestweb4/s?searchWord=%25E6%25B3%2595%25E5%25AE%259A%25E4%25BC%25A0%25E6%259F%2593%25E7%2597%2585&column=%25E5%2585%25A8%25E9%2583%25A8&wordPlace=1&orderBy=1&startTime=&endTime=&pageSize=10&pageNum=0&timeStamp=0&siteCode=5100000053&siteCodes=&checkHandle=1&strFileType=%25E5%2585%25A8%25E9%2583%25A8%25E6%25A0%25BC%25E5%25BC%258F&sonSiteCode=&areaSearchFlag=1&secondSearchWords=&countKey=%200&left_right_index=0,2023,12
2023年11月四川省法定传染病疫情概况,http://wsjkw.sc.gov.cn/scwsjkw/rdts/2023/12/25/b090d19141b14e91a0784ecb76aa82fb.shtml,https://wsjkw.sc.gov.cn/guestweb4/s?searchWord=%25E6%25B3%2595%25E5%25AE%259A%25E4%25BC%25A0%25E6%259F%2593%25E7%2597%2585&column=%25E5%2585%25A8%25E9%2583%25A8&wordPlace=1&orderBy=1&startTime=&endTime=&pageSize=10&pageNum=0&timeStamp=0&siteCode=5100000053&siteCodes=&checkHandle=1&strFileType=%25E5%2585%25A8%25E9%2583%25A8%25E6%25A0%25BC%25E5%25BC%258F&sonSiteCode=&areaSearchFlag=1&secondSearchWords=&countKey=%200&left_right_index=0,2023,11
2023年10月四川省法定传染病疫情概况,http://wsjkw.sc.gov.cn/scwsjkw/rdts/2023/11/13/c025e90108b143e5aaf3957a523efb66.shtml,https://wsjkw.sc.gov.cn/guestweb4/s?searchWord=%25E6%25B3%2595%25E5%25AE%259A%25E4%25BC%25A0%25E6%259F%2593%25E7%2597%2585&column=%25E5%2585%25A8%25E9%2583%25A8&wordPlace=1&orderBy=1&startTime=&endTime=&pageSize=10&pageNum=0&timeStamp=0&siteCode=5100000053&siteCodes=&checkHandle=1&strFileType=%25E5%2585%25A8%25E9%2583%25A8%25E6%25A0%25BC%25E5%25BC%258F&sonSiteCode=&areaSearchFlag=1&secondSearchWords=&countKey=%200&left_right_index=0,2023,10
2023年9月四川省法定传染病疫情概况,http://wsjkw.sc.gov.cn/scwsjkw/rdts/2023/10/24/b6ef970b2ee945bb9b179a50a6e66500.shtml,https://wsjkw.sc.gov.cn/guestweb4/s?searchWord=%25E6%25B3%2595%25E5%25AE%259A%25E4%25BC%25A0%25E6%259F%2593%25E7%2597%2585&column=%25E5%2585%25A8%25E9%2583%25A8&wordPlace=1&orderBy=1&startTime=&endTime=&pageSize=10&pageNum=0&timeStamp=0&siteCode=5100000053&siteCodes=&checkHandle=1&strFileType=%25E5%2585%25A8%25E9%2583%25A8%25E6%25A0%25BC%25E5%25BC%258F&sonSiteCode=&areaSearchFlag=1&secondSearchWords=&countKey=%200&left_right_index=0,2023,9
2023年8月四川省法定传染病疫情概况,http://wsjkw.sc.gov.cn/scwsjkw/rdts/2023/9/21/79b1c4dc13ea46daacf6509164d8f774.shtml,https://wsjkw.sc.gov.cn/guestweb4/s?searchWord=%25E6%25B3%2595%25E5%25AE%259A%25E4%25BC%25A0%25E6%259F%2593%25E7%2597%2585&column=%25E5%2585%25A8%25E9%2583%25A8&wordPlace=1&orderBy=1&startTime=&endTime=&pageSize=10&pageNum=0&timeStamp=0&siteCode=5100000053&siteCodes=&checkHandle=1&strFileType=%25E5%2585%25A8%25E9%2583%25A8%25E6%25A0%25BC%25E5%25BC%258F&sonSiteCode=&areaSearchFlag=1&secondSearchWords=&countKey=%200&left_right_index=0,2023,8
2023年7月四川省法定传染病疫情概况,http://wsjkw.sc.gov.cn/scwsjkw/rdts/2023/8/16/ab0b7a72ff1641baa64c3822ffcbb6ca.shtml,https://wsjkw.sc.gov.cn/guestweb4/s?searchWord=%25E6%25B3%2595%25E5%25AE%259A%25E4%25BC%25A0%25E6%259F%2593%25E7%2597%2585&column=%25E5%2585%25A8%25E9%2583%25A8&wordPlace=1&orderBy=1&startTime=&endTime=&pageSize=10&pageNum=0&timeStamp=0&siteCode=5100000053&siteCodes=&checkHandle=1&strFileType=%25E5%2585%25A8%25E9%2583%25A8%25E6%25A0%25BC%25E5%25BC%258F&sonSiteCode=&areaSearchFlag=1&secondSearchWords=&countKey=%200&left_right_index=0,2023,7
2023年6月四川省法定传染病疫情概况,http://wsjkw.sc.gov.cn/scwsjkw/rdts/2023/8/11/b6e4635f0a824b76946e46e9bffacf44.shtml,https://wsjkw.sc.gov.cn/guestweb4/s?searchWord=%25E6%25B3%2595%25E5%25AE%259A%25E4%25BC%25A0%25E6%259F%2593%25E7%2597%2585&column=%25E5%2585%25A8%25E9%2583%25A8&wordPlace=1&orderBy=1&startTime=&endTime=&pageSize=10&pageNum=0&timeStamp=0&siteCode=5100000053&siteCodes=&checkHandle=1&strFileType=%25E5%2585%25A8%25E9%2583%25A8%25E6%25A0%25BC%25E5%25BC%258F&sonSiteCode=&areaSearchFlag=1&secondSearchWords=&countKey=%200&left_right_index=0,2023,6
2023年5月四川省法定传染病疫情概况,http://wsjkw.sc.gov.cn/scwsjkw/rdts/2023/6/27/590156249a7d473684c8a8db04879715.shtml,https://wsjkw.sc.gov.cn/guestweb4/s?searchWord=%25E6%25B3%2595%25E5%25AE%259A%25E4%25BC%25A0%25E6%259F%2593%25E7%2597%2585&column=%25E5%2585%25A8%25E9%2583%25A8&wordPlace=1&orderBy=1&startTime=&endTime=&pageSize=10&pageNum=0&timeStamp=0&siteCode=5100000053&siteCodes=&checkHandle=1&strFileType=%25E5%2585%25A8%25E9%2583%25A8%25E6%25A0%25BC%25E5%25BC%258F&sonSiteCode=&areaSearchFlag=1&secondSearchWords=&countKey=%200&left_right_index=0,2023,5
2023年4月四川省法定传染病疫情概况,http://wsjkw.sc.gov.cn/scwsjkw/rdts/2023/5/23/89a32c6d9c484bdab571737d9661ae37.shtml,https://wsjkw.sc.gov.cn/guestweb4/s?searchWord=%25E6%25B3%2595%25E5%25AE%259A%25E4%25BC%25A0%25E6%259F%2593%25E7%2597%2585&column=%25E5%2585%25A8%25E9%2583%25A8&wordPlace=1&orderBy=1&startTime=&endTime=&pageSize=10&pageNum=0&timeStamp=0&siteCode=5100000053&siteCodes=&checkHandle=1&strFileType=%25E5%2585%25A8%25E9%2583%25A8%25E6%25A0%25BC%25E5%25BC%258F&sonSiteCode=&areaSearchFlag=1&secondSearchWords=&countKey=%200&left_right_index=0,2023,4
2023年3月四川省法定传染病疫情概况,http://wsjkw.sc.gov.cn/scwsjkw/rdts/2023/4/24/3aa144a52af74e9590c9f8c2948b173d.shtml,https://wsjkw.sc.gov.cn/guestweb4/s?searchWord=%25E6%25B3%2595%25E5%25AE%259A%25E4%25BC%25A0%25E6%259F%2593%25E7%2597%2585&column=%25E5%2585%25A8%25E9%2583%25A8&wordPlace=1&orderBy=1&startTime=&endTime=&pageSize=10&pageNum=0&timeStamp=0&siteCode=5100000053&siteCodes=&checkHandle=1&strFileType=%25E5%2585%25A8%25E9%2583%25A8%25E6%25A0%25BC%25E5%25BC%258F&sonSiteCode=&areaSearchFlag=1&secondSearchWords=&countKey=%200&left_right_index=0,2023,3
2023年2月四川省法定传染病疫情概况,http://wsjkw.sc.gov.cn/scwsjkw/rdts/2023/4/24/ad35a178722d47a0a3bc91bb1eada8b9.shtml,https://wsjkw.sc.gov.cn/guestweb4/s?searchWord=%25E6%25B3%2595%25E5%25AE%259A%25E4%25BC%25A0%25E6%259F%2593%25E7%2597%2585&column=%25E5%2585%25A8%25E9%2583%25A8&wordPlace=1&orderBy=1&startTime=&endTime=&pageSize=10&pageNum=0&timeStamp=0&siteCode=5100000053&siteCodes=&checkHandle=1&strFileType=%25E5%2585%25A8%25E9%2583%25A8%25E6%25A0%25BC%25E5%25BC%258F&sonSiteCode=&areaSearchFlag=1&secondSearchWords=&countKey=%200&left_right_index=0,2023,2
2023年1月四川省法定传染病疫情概况,http://wsjkw.sc.gov.cn/scwsjkw/rdts/2023/2/8/d2928771e8ac4789967546fa23ecbbe6.shtml,https://wsjkw.sc.gov.cn/guestweb4/s?searchWord=%25E6%25B3%2595%25E5%25AE%259A%25E4%25BC%25A0%25E6%259F%2593%25E7%2597%2585&column=%25E5%2585%25A8%25E9%2583%25A8&wordPlace=1&orderBy=1&startTime=&endTime=&pageSize=10&pageNum=0&timeStamp=0&siteCode=5100000053&siteCodes=&checkHandle=1&strFileType=%25E5%2585%25A8%25E9%2583%25A8%25E6%25A0%25BC%25E5%25BC%258F&sonSiteCode=&areaSearchFlag=1&secondSearchWords=&countKey=%200&left_right_index=0,2023,1
2022年12月四川省法定传染病疫情概况,http://wsjkw.sc.gov.cn/scwsjkw/rdts/2023/1/13/293ea4cf875f40f2a91b910ae0ec8647.shtml,https://wsjkw.sc.gov.cn/guestweb4/s?searchWord=%25E6%25B3%2595%25E5%25AE%259A%25E4%25BC%25A0%25E6%259F%2593%25E7%2597%2585&column=%25E5%2585%25A8%25E9%2583%25A8&wordPlace=1&orderBy=1&startTime=&endTime=&pageSize=10&pageNum=1&timeStamp=0&siteCode=5100000053&siteCodes=&checkHandle=1&strFileType=%25E5%2585%25A8%25E9%2583%25A8%25E6%25A0%25BC%25E5%25BC%258F&sonSiteCode=&areaSearchFlag=1&secondSearchWords=&countKey=%200&left_right_index=0,2022,12
2022年11月四川省法定传染病疫情概况,http://wsjkw.sc.gov.cn/scwsjkw/rdts/2022/12/5/f4ddbba0897a4946935aa6030be90ced.shtml,https://wsjkw.sc.gov.cn/guestweb4/s?searchWord=%25E6%25B3%2595%25E5%25AE%259A%25E4%25BC%25A0%25E6%259F%2593%25E7%2597%2585&column=%25E5%2585%25A8%25E9%2583%25A8&wordPlace=1&orderBy=1&startTime=&endTime=&pageSize=10&pageNum=1&timeStamp=0&siteCode=5100000053&siteCodes=&checkHandle=1&strFileType=%25E5%2585%25A8%25E9%2583%25A8%25E6%25A0%25BC%25E5%25BC%258F&sonSiteCode=&areaSearchFlag=1&secondSearchWords=&countKey=%200&left_right_index=0,2022,11
2022年10月四川省法定传染病疫情概况,http://wsjkw.sc.gov.cn/scwsjkw/rdts/2022/11/10/4bb1fdc58a754f1eb380bfe833adecd2.shtml,https://wsjkw.sc.gov.cn/guestweb4/s?searchWord=%25E6%25B3%2595%25E5%25AE%259A%25E4%25BC%25A0%25E6%259F%2593%25E7%2597%2585&column=%25E5%2585%25A8%25E9%2583%25A8&wordPlace=1&orderBy=1&startTime=&endTime=&pageSize=10&pageNum=1&timeStamp=0&siteCode=5100000053&siteCodes=&checkHandle=1&strFileType=%25E5%2585%25A8%25E9%2583%25A8%25E6%25A0%25BC%25E5%25BC%258F&sonSiteCode=&areaSearchFlag=1&secondSearchWords=&countKey=%200&left_right_index=0,2022,10
2022年9月四川省法定传染病疫情概况,http://wsjkw.sc.gov.cn/scwsjkw/rdts/2022/10/13/d4496751f57f4238902e6d09d9bec560.shtml,https://wsjkw.sc.gov.cn/guestweb4/s?searchWord=%25E6%25B3%2595%25E5%25AE%259A%25E4%25BC%25A0%25E6%259F%2593%25E7%2597%2585&column=%25E5%2585%25A8%25E9%2583%25A8&wordPlace=1&orderBy=1&startTime=&endTime=&pageSize=10&pageNum=1&timeStamp=0&siteCode=5100000053&siteCodes=&checkHandle=1&strFileType=%25E5%2585%25A8%25E9%2583%25A8%25E6%25A0%25BC%25E5%25BC%258F&sonSiteCode=&areaSearchFlag=1&secondSearchWords=&countKey=%200&left_right_index=0,2022,9
2022年8月四川省法定传染病疫情概况,http://wsjkw.sc.gov.cn/scwsjkw/rdts/2022/9/9/81b4f1de2b6c48fc8205009bae1bc4d5.shtml,https://wsjkw.sc.gov.cn/guestweb4/s?searchWord=%25E6%25B3%2595%25E5%25AE%259A%25E4%25BC%25A0%25E6%259F%2593%25E7%2597%2585&column=%25E5%2585%25A8%25E9%2583%25A8&wordPlace=1&orderBy=1&startTime=&endTime=&pageSize=10&pageNum=1&timeStamp=0&siteCode=5100000053&siteCodes=&checkHandle=1&strFileType=%25E5%2585%25A8%25E9%2583%25A8%25E6%25A0%25BC%25E5%25BC%258F&sonSiteCode=&areaSearchFlag=1&secondSearchWords=&countKey=%200&left_right_index=0,2022,8
2022年7月四川省法定传染病疫情概况,http://wsjkw.sc.gov.cn/scwsjkw/rdts/2022/8/9/ed1f2e1f75be441da88f5c195a0c21bf.shtml,https://wsjkw.sc.gov.cn/guestweb4/s?searchWord=%25E6%25B3%2595%25E5%25AE%259A%25E4%25BC%25A0%25E6%259F%2593%25E7%2597%2585&column=%25E5%2585%25A8%25E9%2583%25A8&wordPlace=1&orderBy=1&startTime=&endTime=&pageSize=10&pageNum=1&timeStamp=0&siteCode=5100000053&siteCodes=&checkHandle=1&strFileType=%25E5%2585%25A8%25E9%2583%25A8%25E6%25A0%25BC%25E5%25BC%258F&sonSiteCode=&areaSearchFlag=1&secondSearchWords=&countKey=%200&left_right_index=0,2022,7
2022年6月四川省法定传染病疫情概况,http://wsjkw.sc.gov.cn/scwsjkw/rdts/2022/7/12/59af7ef18226426d8199e45ea344ca3e.shtml,https://wsjkw.sc.gov.cn/guestweb4/s?searchWord=%25E6%25B3%2595%25E5%25AE%259A%25E4%25BC%25A0%25E6%259F%2593%25E7%2597%2585&column=%25E5%2585%25A8%25E9%2583%25A8&wordPlace=1&orderBy=1&startTime=&endTime=&pageSize=10&pageNum=1&timeStamp=0&siteCode=5100000053&siteCodes=&checkHandle=1&strFileType=%25E5%2585%25A8%25E9%2583%25A8%25E6%25A0%25BC%25E5%25BC%258F&sonSiteCode=&areaSearchFlag=1&secondSearchWords=&countKey=%200&left_right_index=0,2022,6
2022年5月四川省法定传染病疫情概况,http://wsjkw.sc.gov.cn/scwsjkw/rdts/2022/6/16/581656366f1445878107b5066731111c.shtml,https://wsjkw.sc.gov.cn/guestweb4/s?searchWord=%25E6%25B3%2595%25E5%25AE%259A%25E4%25BC%25A0%25E6%259F%2593%25E7%2597%2585&column=%25E5%2585%25A8%25E9%2583%25A8&wordPlace=1&orderBy=1&startTime=&endTime=&pageSize=10&pageNum=1&timeStamp=0&siteCode=5100000053&siteCodes=&checkHandle=1&strFileType=%25E5%2585%25A8%25E9%2583%25A8%25E6%25A0%25BC%25E5%25BC%258F&sonSiteCode=&areaSearchFlag=1&secondSearchWords=&countKey=%200&left_right_index=0,2022,5
2022年4月四川省法定传染病疫情概况,http://wsjkw.sc.gov.cn/scwsjkw/rdts/2022/5/9/63a91fe6c12b41bd8948eb5578484e8d.shtml,https://wsjkw.sc.gov.cn/guestweb4/s?searchWord=%25E6%25B3%2595%25E5%25AE%259A%25E4%25BC%25A0%25E6%259F%2593%25E7%2597%2585&column=%25E5%2585%25A8%25E9%2583%25A8&wordPlace=1&orderBy=1&startTime=&endTime=&pageSize=10&pageNum=2&timeStamp=0&siteCode=5100000053&siteCodes=&checkHandle=1&strFileType=%25E5%2585%25A8%25E9%2583%25A8%25E6%25A0%25BC%25E5%25BC%258F&sonSiteCode=&areaSearchFlag=1&secondSearchWords=&countKey=%200&left_right_index=0,2022,4
2022年3月四川省法定传染病疫情概况,http://wsjkw.sc.gov.cn/scwsjkw/rdts/2022/4/20/43ac21cfee6f49d183bce42454b6ec0e.shtml,https://wsjkw.sc.gov.cn/guestweb4/s?searchWord=%25E6%25B3%2595%25E5%25AE%259A%25E4%25BC%25A0%25E6%259F%2593%25E7%2597%2585&column=%25E5%2585%25A8%25E9%2583%25A8&wordPlace=1&orderBy=1&startTime=&endTime=&pageSize=10&pageNum=2&timeStamp=0&siteCode=5100000053&siteCodes=&checkHandle=1&strFileType=%25E5%2585%25A8%25E9%2583%25A8%25E6%25A0%25BC%25E5%25BC%258F&sonSiteCode=&areaSearchFlag=1&secondSearchWords=&countKey=%200&left_right_index=0,2022,3
2022年2月四川省法定传染病疫情概况,http://wsjkw.sc.gov.cn/scwsjkw/rdts/2022/3/30/0c6bd698b5a9445bbb1d4bf0bbbf9c83.shtml,https://wsjkw.sc.gov.cn/guestweb4/s?searchWord=%25E6%25B3%2595%25E5%25AE%259A%25E4%25BC%25A0%25E6%259F%2593%25E7%2597%2585&column=%25E5%2585%25A8%25E9%2583%25A8&wordPlace=1&orderBy=1&startTime=&endTime=&pageSize=10&pageNum=2&timeStamp=0&siteCode=5100000053&siteCodes=&checkHandle=1&strFileType=%25E5%2585%25A8%25E9%2583%25A8%25E6%25A0%25BC%25E5%25BC%258F&sonSiteCode=&areaSearchFlag=1&secondSearchWords=&countKey=%200&left_right_index=0,2022,2
2022年1月四川省法定传染病疫情概况,http://wsjkw.sc.gov.cn/scwsjkw/rdts/2022/2/18/45a891db55194e25a56f2c4de6ea1b3a.shtml,https://wsjkw.sc.gov.cn/guestweb4/s?searchWord=%25E6%25B3%2595%25E5%25AE%259A%25E4%25BC%25A0%25E6%259F%2593%25E7%2597%2585&column=%25E5%2585%25A8%25E9%2583%25A8&wordPlace=1&orderBy=1&startTime=&endTime=&pageSize=10&pageNum=2&timeStamp=0&siteCode=5100000053&siteCodes=&checkHandle=1&strFileType=%25E5%2585%25A8%25E9%2583%25A8%25E6%25A0%25BC%25E5%25BC%258F&sonSiteCode=&areaSearchFlag=1&secondSearchWords=&countKey=%200&left_right_index=0,2022,1
2021年12月四川省法定传染病疫情概况,http://wsjkw.sc.gov.cn/scwsjkw/ylwsly/2022/1/17/2ff8f9d8514e4e9eb971f40466df7963.shtml,https://wsjkw.sc.gov.cn/guestweb4/s?searchWord=%25E6%25B3%2595%25E5%25AE%259A%25E4%25BC%25A0%25E6%259F%2593%25E7%2597%2585&column=%25E5%2585%25A8%25E9%2583%25A8&wordPlace=1&orderBy=1&startTime=&endTime=&pageSize=10&pageNum=2&timeStamp=0&siteCode=5100000053&siteCodes=&checkHandle=1&strFileType=%25E5%2585%25A8%25E9%2583%25A8%25E6%25A0%25BC%25E5%25BC%258F&sonSiteCode=&areaSearchFlag=1&secondSearchWords=&countKey=%200&left_right_index=0,2021,12
2021年11月四川省法定传染病疫情概况,http://wsjkw.sc.gov.cn/scwsjkw/rdts/2021/12/23/c5a278f97d264bfdb0593214783570e2.shtml,https://wsjkw.sc.gov.cn/guestweb4/s?searchWord=%25E6%25B3%2595%25E5%25AE%259A%25E4%25BC%25A0%25E6%259F%2593%25E7%2597%2585&column=%25E5%2585%25A8%25E9%2583%25A8&wordPlace=1&orderBy=1&startTime=&endTime=&pageSize=10&pageNum=2&timeStamp=0&siteCode=5100000053&siteCodes=&checkHandle=1&strFileType=%25E5%2585%25A8%25E9%2583%25A8%25E6%25A0%25BC%25E5%25BC%258F&sonSiteCode=&areaSearchFlag=1&secondSearchWords=&countKey=%200&left_right_index=0,2021,11
2021年10月四川省法定传染病疫情概况,http://wsjkw.sc.gov.cn/scwsjkw/rdts/2021/11/5/30c214cf743340159052376384504b18.shtml,https://wsjkw.sc.gov.cn/guestweb4/s?searchWord=%25E6%25B3%2595%25E5%25AE%259A%25E4%25BC%25A0%25E6%259F%2593%25E7%2597%2585&column=%25E5%2585%25A8%25E9%2583%25A8&wordPlace=1&orderBy=1&startTime=&endTime=&pageSize=10&pageNum=2&timeStamp=0&siteCode=5100000053&siteCodes=&checkHandle=1&strFileType=%25E5%2585%25A8%25E9%2583%25A8%25E6%25A0%25BC%25E5%25BC%258F&sonSiteCode=&areaSearchFlag=1&secondSearchWords=&countKey=%200&left_right_index=0,2021,10
2021年9月四川省法定传染病疫情概况,http://wsjkw.sc.gov.cn/scwsjkw/rdts/2021/10/15/970928d6660d4586a4b7df001bd1360e.shtml,https://wsjkw.sc.gov.cn/guestweb4/s?searchWord=%25E6%25B3%2595%25E5%25AE%259A%25E4%25BC%25A0%25E6%259F%2593%25E7%2597%2585&column=%25E5%2585%25A8%25E9%2583%25A8&wordPlace=1&orderBy=1&startTime=&endTime=&pageSize=10&pageNum=2&timeStamp=0&siteCode=5100000053&siteCodes=&checkHandle=1&strFileType=%25E5%2585%25A8%25E9%2583%25A8%25E6%25A0%25BC%25E5%25BC%258F&sonSiteCode=&areaSearchFlag=1&secondSearchWords=&countKey=%200&left_right_index=0,2021,9
2021年8月四川省法定传染病疫情概况,http://wsjkw.sc.gov.cn/scwsjkw/ylwsly/2021/9/9/4ca4f507fc85413bb0853b1011d2b993.shtml,https://wsjkw.sc.gov.cn/guestweb4/s?searchWord=%25E6%25B3%2595%25E5%25AE%259A%25E4%25BC%25A0%25E6%259F%2593%25E7%2597%2585&column=%25E5%2585%25A8%25E9%2583%25A8&wordPlace=1&orderBy=1&startTime=&endTime=&pageSize=10&pageNum=3&timeStamp=0&siteCode=5100000053&siteCodes=&checkHandle=1&strFileType=%25E5%2585%25A8%25E9%2583%25A8%25E6%25A0%25BC%25E5%25BC%258F&sonSiteCode=&areaSearchFlag=1&secondSearchWords=&countKey=%200&left_right_index=0,2021,8
2021年7月四川省法定传染病疫情概况,http://wsjkw.sc.gov.cn/scwsjkw/rdts/2021/8/6/5ad27992b04f4860af5a03ef10dfafda.shtml,https://wsjkw.sc.gov.cn/guestweb4/s?searchWord=%25E6%25B3%2595%25E5%25AE%259A%25E4%25BC%25A0%25E6%259F%2593%25E7%2597%2585&column=%25E5%2585%25A8%25E9%2583%25A8&wordPlace=1&orderBy=1&startTime=&endTime=&pageSize=10&pageNum=3&timeStamp=0&siteCode=5100000053&siteCodes=&checkHandle=1&strFileType=%25E5%2585%25A8%25E9%2583%25A8%25E6%25A0%25BC%25E5%25BC%258F&sonSiteCode=&areaSearchFlag=1&secondSearchWords=&countKey=%200&left_right_index=0,2021,7
2021年6月四川省法定传染病疫情概况,http://wsjkw.sc.gov.cn/scwsjkw/rdts/2021/7/7/c322f86917e4428980205bdc54e186f2.shtml,https://wsjkw.sc.gov.cn/guestweb4/s?searchWord=%25E6%25B3%2595%25E5%25AE%259A%25E4%25BC%25A0%25E6%259F%2593%25E7%2597%2585&column=%25E5%2585%25A8%25E9%2583%25A8&wordPlace=1&orderBy=1&startTime=&endTime=&pageSize=10&pageNum=3&timeStamp=0&siteCode=5100000053&siteCodes=&checkHandle=1&strFileType=%25E5%2585%25A8%25E9%2583%25A8%25E6%25A0%25BC%25E5%25BC%258F&sonSiteCode=&areaSearchFlag=1&secondSearchWords=&countKey=%200&left_right_index=0,2021,6
2021年5月四川省法定传染病疫情概况,http://wsjkw.sc.gov.cn/scwsjkw/rdts/2021/6/8/6ba3fd9081364d0d9a86e4c0e74e0904.shtml,https://wsjkw.sc.gov.cn/guestweb4/s?searchWord=%25E6%25B3%2595%25E5%25AE%259A%25E4%25BC%25A0%25E6%259F%2593%25E7%2597%2585&column=%25E5%2585%25A8%25E9%2583%25A8&wordPlace=1&orderBy=1&startTime=&endTime=&pageSize=10&pageNum=3&timeStamp=0&siteCode=5100000053&siteCodes=&checkHandle=1&strFileType=%25E5%2585%25A8%25E9%2583%25A8%25E6%25A0%25BC%25E5%25BC%258F&sonSiteCode=&areaSearchFlag=1&secondSearchWords=&countKey=%200&left_right_index=0,2021,5
2021年4月四川省法定传染病疫情概况,http://wsjkw.sc.gov.cn/scwsjkw/rdts/2021/5/14/e9767ba368d444fea3b416e7967f662c.shtml,https://wsjkw.sc.gov.cn/guestweb4/s?searchWord=%25E6%25B3%2595%25E5%25AE%259A%25E4%25BC%25A0%25E6%259F%2593%25E7%2597%2585&column=%25E5%2585%25A8%25E9%2583%25A8&wordPlace=1&orderBy=1&startTime=&endTime=&pageSize=10&pageNum=3&timeStamp=0&siteCode=5100000053&siteCodes=&checkHandle=1&strFileType=%25E5%2585%25A8%25E9%2583%25A8%25E6%25A0%25BC%25E5%25BC%258F&sonSiteCode=&areaSearchFlag=1&secondSearchWords=&countKey=%200&left_right_index=0,2021,4
2021年3月四川省法定传染病疫情概况,http://wsjkw.sc.gov.cn/scwsjkw/rdts/2021/4/13/009e9d0dce8548cfbca4d5bdcde52293.shtml,https://wsjkw.sc.gov.cn/guestweb4/s?searchWord=%25E6%25B3%2595%25E5%25AE%259A%25E4%25BC%25A0%25E6%259F%2593%25E7%2597%2585&column=%25E5%2585%25A8%25E9%2583%25A8&wordPlace=1&orderBy=1&startTime=&endTime=&pageSize=10&pageNum=3&timeStamp=0&siteCode=5100000053&siteCodes=&checkHandle=1&strFileType=%25E5%2585%25A8%25E9%2583%25A8%25E6%25A0%25BC%25E5%25BC%258F&sonSiteCode=&areaSearchFlag=1&secondSearchWords=&countKey=%200&left_right_index=0,2021,3
2021年2月四川省法定传染病疫情概况,http://wsjkw.sc.gov.cn/scwsjkw/rdts/2021/3/15/1b274bdd168f416f9dc3bbd3a557a269.shtml,https://wsjkw.sc.gov.cn/guestweb4/s?searchWord=%25E6%25B3%2595%25E5%25AE%259A%25E4%25BC%25A0%25E6%259F%2593%25E7%2597%2585&column=%25E5%2585%25A8%25E9%2583%25A8&wordPlace=1&orderBy=1&startTime=&endTime=&pageSize=10&pageNum=3&timeStamp=0&siteCode=5100000053&siteCodes=&checkHandle=1&strFileType=%25E5%2585%25A8%25E9%2583%25A8%25E6%25A0%25BC%25E5%25BC%258F&sonSiteCode=&areaSearchFlag=1&secondSearchWords=&countKey=%200&left_right_index=0,2021,2
2021年1月四川省法定传染病疫情概况,http://wsjkw.sc.gov.cn/scwsjkw/rdts/2021/2/18/d840485cee6a4843a4eaac7b30bb36a4.shtml,https://wsjkw.sc.gov.cn/guestweb4/s?searchWord=%25E6%25B3%2595%25E5%25AE%259A%25E4%25BC%25A0%25E6%259F%2593%25E7%2597%2585&column=%25E5%2585%25A8%25E9%2583%25A8&wordPlace=1&orderBy=1&startTime=&endTime=&pageSize=10&pageNum=3&timeStamp=0&siteCode=5100000053&siteCodes=&checkHandle=1&strFileType=%25E5%2585%25A8%25E9%2583%25A8%25E6%25A0%25BC%25E5%25BC%258F&sonSiteCode=&areaSearchFlag=1&secondSearchWords=&countKey=%200&left_right_index=0,2021,1
2020年12月四川省法定传染病疫情概况,http://wsjkw.sc.gov.cn/scwsjkw/rdts/2021/1/12/b8eef71c9f574091ac961e79953e4b17.shtml,https://wsjkw.sc.gov.cn/guestweb4/s?searchWord=%25E6%25B3%2595%25E5%25AE%259A%25E4%25BC%25A0%25E6%259F%2593%25E7%2597%2585&column=%25E5%2585%25A8%25E9%2583%25A8&wordPlace=1&orderBy=1&startTime=&endTime=&pageSize=10&pageNum=3&timeStamp=0&siteCode=5100000053&siteCodes=&checkHandle=1&strFileType=%25E5%2585%25A8%25E9%2583%25A8%25E6%25A0%25BC%25E5%25BC%258F&sonSiteCode=&areaSearchFlag=1&secondSearchWords=&countKey=%200&left_right_index=0,2020,12
2020年11月四川省法定传染病疫情概况,http://wsjkw.sc.gov.cn/scwsjkw/gggs/2020/12/9/727fffb0b5d14c9c8ebac141d0a7699e.shtml,https://wsjkw.sc.gov.cn/guestweb4/s?searchWord=%25E6%25B3%2595%25E5%25AE%259A%25E4%25BC%25A0%25E6%259F%2593%25E7%2597%2585&column=%25E5%2585%25A8%25E9%2583%25A8&wordPlace=1&orderBy=1&startTime=&endTime=&pageSize=10&pageNum=3&timeStamp=0&siteCode=5100000053&siteCodes=&checkHandle=1&strFileType=%25E5%2585%25A8%25E9%2583%25A8%25E6%25A0%25BC%25E5%25BC%258F&sonSiteCode=&areaSearchFlag=1&secondSearchWords=&countKey=%200&left_right_index=0,2020,11
2020年10月四川省法定传染病疫情概况,http://wsjkw.sc.gov.cn/scwsjkw/gggs/2020/11/11/3e1fd58f60074fc3b1d8e74b6f973da6.shtml,https://wsjkw.sc.gov.cn/guestweb4/s?searchWord=%25E6%25B3%2595%25E5%25AE%259A%25E4%25BC%25A0%25E6%259F%2593%25E7%2597%2585&column=%25E5%2585%25A8%25E9%2583%25A8&wordPlace=1&orderBy=1&startTime=&endTime=&pageSize=10&pageNum=4&timeStamp=0&siteCode=5100000053&siteCodes=&checkHandle=1&strFileType=%25E5%2585%25A8%25E9%2583%25A8%25E6%25A0%25BC%25E5%25BC%258F&sonSiteCode=&areaSearchFlag=1&secondSearchWords=&countKey=%200&left_right_index=0,2020,10
2020年9月四川省法定传染病疫情概况,http://wsjkw.sc.gov.cn/scwsjkw/gggs/2020/10/20/bc6d606ab01349c784e8807d32f510d7.shtml,https://wsjkw.sc.gov.cn/guestweb4/s?searchWord=%25E6%25B3%2595%25E5%25AE%259A%25E4%25BC%25A0%25E6%259F%2593%25E7%2597%2585&column=%25E5%2585%25A8%25E9%2583%25A8&wordPlace=1&orderBy=1&startTime=&endTime=&pageSize=10&pageNum=4&timeStamp=0&siteCode=5100000053&siteCodes=&checkHandle=1&strFileType=%25E5%2585%25A8%25E9%2583%25A8%25E6%25A0%25BC%25E5%25BC%258F&sonSiteCode=&areaSearchFlag=1&secondSearchWords=&countKey=%200&left_right_index=0,2020,9
2020年8月四川省法定传染病疫情概况,http://wsjkw.sc.gov.cn/scwsjkw/gggs/2020/9/10/e04cde7509a74014aaa5dc7547fc7970.shtml,https://wsjkw.sc.gov.cn/guestweb4/s?searchWord=%25E6%25B3%2595%25E5%25AE%259A%25E4%25BC%25A0%25E6%259F%2593%25E7%2597%2585&column=%25E5%2585%25A8%25E9%2583%25A8&wordPlace=1&orderBy=1&startTime=&endTime=&pageSize=10&pageNum=4&timeStamp=0&siteCode=5100000053&siteCodes=&checkHandle=1&strFileType=%25E5%2585%25A8%25E9%2583%25A8%25E6%25A0%25BC%25E5%25BC%258F&sonSiteCode=&areaSearchFlag=1&secondSearchWords=&countKey=%200&left_right_index=0,2020,8
2020年7月四川省法定传染病疫情概况,http://wsjkw.sc.gov.cn/scwsjkw/gggs/2020/8/7/634c04023883455ca65a88a8484028ed.shtml,https://wsjkw.sc.gov.cn/guestweb4/s?searchWord=%25E6%25B3%2595%25E5%25AE%259A%25E4%25BC%25A0%25E6%259F%2593%25E7%2597%2585&column=%25E5%2585%25A8%25E9%2583%25A8&wordPlace=1&orderBy=1&startTime=&endTime=&pageSize=10&pageNum=4&timeStamp=0&siteCode=5100000053&siteCodes=&checkHandle=1&strFileType=%25E5%2585%25A8%25E9%2583%25A8%25E6%25A0%25BC%25E5%25BC%258F&sonSiteCode=&areaSearchFlag=1&secondSearchWords=&countKey=%200&left_right_index=0,2020,7
2020年6月四川省法定传染病疫情概况,http://wsjkw.sc.gov.cn/scwsjkw/gggs/2020/7/13/a1aef9b789e543e6bf8f1f7193132bd9.shtml,https://wsjkw.sc.gov.cn/guestweb4/s?searchWord=%25E6%25B3%2595%25E5%25AE%259A%25E4%25BC%25A0%25E6%259F%2593%25E7%2597%2585&column=%25E5%2585%25A8%25E9%2583%25A8&wordPlace=1&orderBy=1&startTime=&endTime=&pageSize=10&pageNum=4&timeStamp=0&siteCode=5100000053&siteCodes=&checkHandle=1&strFileType=%25E5%2585%25A8%25E9%2583%25A8%25E6%25A0%25BC%25E5%25BC%258F&sonSiteCode=&areaSearchFlag=1&secondSearchWords=&countKey=%200&left_right_index=0,2020,6
2020年5月四川省法定传染病疫情概况,http://wsjkw.sc.gov.cn/scwsjkw/gggs/2020/6/10/d87954ca52114ddbb6609a623025c8e7.shtml,https://wsjkw.sc.gov.cn/guestweb4/s?searchWord=%25E6%25B3%2595%25E5%25AE%259A%25E4%25BC%25A0%25E6%259F%2593%25E7%2597%2585&column=%25E5%2585%25A8%25E9%2583%25A8&wordPlace=1&orderBy=1&startTime=&endTime=&pageSize=10&pageNum=4&timeStamp=0&siteCode=5100000053&siteCodes=&checkHandle=1&strFileType=%25E5%2585%25A8%25E9%2583%25A8%25E6%25A0%25BC%25E5%25BC%258F&sonSiteCode=&areaSearchFlag=1&secondSearchWords=&countKey=%200&left_right_index=0,2020,5
2020年4月四川省法定传染病疫情概况,http://wsjkw.sc.gov.cn/scwsjkw/gggs/2020/5/26/91ba4947aeb64f57920321d598149a41.shtml,https://wsjkw.sc.gov.cn/guestweb4/s?searchWord=%25E6%25B3%2595%25E5%25AE%259A%25E4%25BC%25A0%25E6%259F%2593%25E7%2597%2585&column=%25E5%2585%25A8%25E9%2583%25A8&wordPlace=1&orderBy=1&startTime=&endTime=&pageSize=10&pageNum=4&timeStamp=0&siteCode=5100000053&siteCodes=&checkHandle=1&strFileType=%25E5%2585%25A8%25E9%2583%25A8%25E6%25A0%25BC%25E5%25BC%258F&sonSiteCode=&areaSearchFlag=1&secondSearchWords=&countKey=%200&left_right_index=0,2020,4
2020年3月四川省法定传染病疫情概况,http://wsjkw.sc.gov.cn/scwsjkw/gggs/2020/4/16/8f15100facb547d9a5ca3316c0b5a84c.shtml,https://wsjkw.sc.gov.cn/guestweb4/s?searchWord=%25E6%25B3%2595%25E5%25AE%259A%25E4%25BC%25A0%25E6%259F%2593%25E7%2597%2585&column=%25E5%2585%25A8%25E9%2583%25A8&wordPlace=1&orderBy=1&startTime=&endTime=&pageSize=10&pageNum=4&timeStamp=0&siteCode=5100000053&siteCodes=&checkHandle=1&strFileType=%25E5%2585%25A8%25E9%2583%25A8%25E6%25A0%25BC%25E5%25BC%258F&sonSiteCode=&areaSearchFlag=1&secondSearchWords=&countKey=%200&left_right_index=0,2020,3
2020年2月四川省法定传染病疫情概况,http://wsjkw.sc.gov.cn/scwsjkw/gggs/2020/3/13/c0175562783f42c7a4f8a8c27b8c907d.shtml,https://wsjkw.sc.gov.cn/guestweb4/s?searchWord=%25E6%25B3%2595%25E5%25AE%259A%25E4%25BC%25A0%25E6%259F%2593%25E7%2597%2585&column=%25E5%2585%25A8%25E9%2583%25A8&wordPlace=1&orderBy=1&startTime=&endTime=&pageSize=10&pageNum=4&timeStamp=0&siteCode=5100000053&siteCodes=&checkHandle=1&strFileType=%25E5%2585%25A8%25E9%2583%25A8%25E6%25A0%25BC%25E5%25BC%258F&sonSiteCode=&areaSearchFlag=1&secondSearchWords=&countKey=%200&left_right_index=0,2020,2
2020年1月四川省法定传染病疫情概况,http://wsjkw.sc.gov.cn/scwsjkw/gggs/2020/2/12/70ea7457daa74b92b15e1049998ed8b3.shtml,https://wsjkw.sc.gov.cn/guestweb4/s?searchWord=%25E6%25B3%2595%25E5%25AE%259A%25E4%25BC%25A0%25E6%259F%2593%25E7%2597%2585&column=%25E5%2585%25A8%25E9%2583%25A8&wordPlace=1&orderBy=1&startTime=&endTime=&pageSize=10&pageNum=4&timeStamp=0&siteCode=5100000053&siteCodes=&checkHandle=1&strFileType=%25E5%2585%25A8%25E9%2583%25A8%25E6%25A0%25BC%25E5%25BC%258F&sonSiteCode=&areaSearchFlag=1&secondSearchWords=&countKey=%200&left_right_index=0,2020,1
2019年12月四川省法定传染病疫情概况,http://wsjkw.sc.gov.cn/scwsjkw/ylwsly/2020/1/13/02dd867e342743bc8674e73529eeb736.shtml,https://wsjkw.sc.gov.cn/guestweb4/s?searchWord=%25E6%25B3%2595%25E5%25AE%259A%25E4%25BC%25A0%25E6%259F%2593%25E7%2597%2585&column=%25E5%2585%25A8%25E9%2583%25A8&wordPlace=1&orderBy=1&startTime=&endTime=&pageSize=10&pageNum=5&timeStamp=0&siteCode=5100000053&siteCodes=&checkHandle=1&strFileType=%25E5%2585%25A8%25E9%2583%25A8%25E6%25A0%25BC%25E5%25BC%258F&sonSiteCode=&areaSearchFlag=1&secondSearchWords=&countKey=%200&left_right_index=0,2019,12
2019年11月四川省法定传染病疫情概况,http://wsjkw.sc.gov.cn/scwsjkw/gggs/2019/12/10/70a38dbd4c0b49f0b4516978e8346d39.shtml,https://wsjkw.sc.gov.cn/guestweb4/s?searchWord=%25E6%25B3%2595%25E5%25AE%259A%25E4%25BC%25A0%25E6%259F%2593%25E7%2597%2585&column=%25E5%2585%25A8%25E9%2583%25A8&wordPlace=1&orderBy=1&startTime=&endTime=&pageSize=10&pageNum=5&timeStamp=0&siteCode=5100000053&siteCodes=&checkHandle=1&strFileType=%25E5%2585%25A8%25E9%2583%25A8%25E6%25A0%25BC%25E5%25BC%258F&sonSiteCode=&areaSearchFlag=1&secondSearchWords=&countKey=%200&left_right_index=0,2019,11
2019年10月四川省法定传染病疫情概况,http://wsjkw.sc.gov.cn/scwsjkw/ylwsly/2019/11/11/9cd18bac44c844dfbf64b03948aa1692.shtml,https://wsjkw.sc.gov.cn/guestweb4/s?searchWord=%25E6%25B3%2595%25E5%25AE%259A%25E4%25BC%25A0%25E6%259F%2593%25E7%2597%2585&column=%25E5%2585%25A8%25E9%2583%25A8&wordPlace=1&orderBy=1&startTime=&endTime=&pageSize=10&pageNum=5&timeStamp=0&siteCode=5100000053&siteCodes=&checkHandle=1&strFileType=%25E5%2585%25A8%25E9%2583%25A8%25E6%25A0%25BC%25E5%25BC%258F&sonSiteCode=&areaSearchFlag=1&secondSearchWords=&countKey=%200&left_right_index=0,2019,10
2019年9月四川省法定传染病疫情概况,http://wsjkw.sc.gov.cn/scwsjkw/gggs/2019/10/14/59bd9febec644331883bc25a0b415fe6.shtml,https://wsjkw.sc.gov.cn/guestweb4/s?searchWord=%25E6%25B3%2595%25E5%25AE%259A%25E4%25BC%25A0%25E6%259F%2593%25E7%2597%2585&column=%25E5%2585%25A8%25E9%2583%25A8&wordPlace=1&orderBy=1&startTime=&endTime=&pageSize=10&pageNum=5&timeStamp=0&siteCode=5100000053&siteCodes=&checkHandle=1&strFileType=%25E5%2585%25A8%25E9%2583%25A8%25E6%25A0%25BC%25E5%25BC%258F&sonSiteCode=&areaSearchFlag=1&secondSearchWords=&countKey=%200&left_right_index=0,2019,9
2019年8月四川省法定传染病疫情概况,http://wsjkw.sc.gov.cn/scwsjkw/gggs/2019/9/18/cfc80bab36634db88159b3ae325524f0.shtml,https://wsjkw.sc.gov.cn/guestweb4/s?searchWord=%25E6%25B3%2595%25E5%25AE%259A%25E4%25BC%25A0%25E6%259F%2593%25E7%2597%2585&column=%25E5%2585%25A8%25E9%2583%25A8&wordPlace=1&orderBy=1&startTime=&endTime=&pageSize=10&pageNum=6&timeStamp=0&siteCode=5100000053&siteCodes=&checkHandle=1&strFileType=%25E5%2585%25A8%25E9%2583%25A8%25E6%25A0%25BC%25E5%25BC%258F&sonSiteCode=&areaSearchFlag=1&secondSearchWords=&countKey=%200&left_right_index=0,2019,8
2019年7月四川省法定传染病疫情概况,http://wsjkw.sc.gov.cn/scwsjkw/gggs/2019/8/8/d2730547684646a8a098ec12fe7b9d5b.shtml,https://wsjkw.sc.gov.cn/guestweb4/s?searchWord=%25E6%25B3%2595%25E5%25AE%259A%25E4%25BC%25A0%25E6%259F%2593%25E7%2597%2585&column=%25E5%2585%25A8%25E9%2583%25A8&wordPlace=1&orderBy=1&startTime=&endTime=&pageSize=10&pageNum=6&timeStamp=0&siteCode=5100000053&siteCodes=&checkHandle=1&strFileType=%25E5%2585%25A8%25E9%2583%25A8%25E6%25A0%25BC%25E5%25BC%258F&sonSiteCode=&areaSearchFlag=1&secondSearchWords=&countKey=%200&left_right_index=0,2019,7
2019年6月四川省法定传染病疫情概况,http://wsjkw.sc.gov.cn/scwsjkw/gggs/2019/7/9/8d305483dde04c22b9882b9726f78e5f.shtml,https://wsjkw.sc.gov.cn/guestweb4/s?searchWord=%25E6%25B3%2595%25E5%25AE%259A%25E4%25BC%25A0%25E6%259F%2593%25E7%2597%2585&column=%25E5%2585%25A8%25E9%2583%25A8&wordPlace=1&orderBy=1&startTime=&endTime=&pageSize=10&pageNum=6&timeStamp=0&siteCode=5100000053&siteCodes=&checkHandle=1&strFileType=%25E5%2585%25A8%25E9%2583%25A8%25E6%25A0%25BC%25E5%25BC%258F&sonSiteCode=&areaSearchFlag=1&secondSearchWords=&countKey=%200&left_right_index=0,2019,6
2019年5月四川省法定传染病疫情概况,http://wsjkw.sc.gov.cn/scwsjkw/gggs/2019/6/10/3d488f15f7a249fdbf2ca637cbeb6f5b.shtml,https://wsjkw.sc.gov.cn/guestweb4/s?searchWord=%25E6%25B3%2595%25E5%25AE%259A%25E4%25BC%25A0%25E6%259F%2593%25E7%2597%2585&column=%25E5%2585%25A8%25E9%2583%25A8&wordPlace=1&orderBy=1&startTime=&endTime=&pageSize=10&pageNum=6&timeStamp=0&siteCode=5100000053&siteCodes=&checkHandle=1&strFileType=%25E5%2585%25A8%25E9%2583%25A8%25E6%25A0%25BC%25E5%25BC%258F&sonSiteCode=&areaSearchFlag=1&secondSearchWords=&countKey=%200&left_right_index=0,2019,5
2019年4月四川省法定传染病疫情概况,http://wsjkw.sc.gov.cn/scwsjkw/gggs/2019/5/15/dfe5cd1414dd4bc8b81b7bc273d0c420.shtml,https://wsjkw.sc.gov.cn/guestweb4/s?searchWord=%25E6%25B3%2595%25E5%25AE%259A%25E4%25BC%25A0%25E6%259F%2593%25E7%2597%2585&column=%25E5%2585%25A8%25E9%2583%25A8&wordPlace=1&orderBy=1&startTime=&endTime=&pageSize=10&pageNum=7&timeStamp=0&siteCode=5100000053&siteCodes=&checkHandle=1&strFileType=%25E5%2585%25A8%25E9%2583%25A8%25E6%25A0%25BC%25E5%25BC%258F&sonSiteCode=&areaSearchFlag=1&secondSearchWords=&countKey=%200&left_right_index=0,2019,4
2019年3月四川省法定传染病疫情概况,http://wsjkw.sc.gov.cn/scwsjkw/gggs/2019/4/10/b491906c402d402e8eb741a67c4bea3f.shtml,https://wsjkw.sc.gov.cn/guestweb4/s?searchWord=%25E6%25B3%2595%25E5%25AE%259A%25E4%25BC%25A0%25E6%259F%2593%25E7%2597%2585&column=%25E5%2585%25A8%25E9%2583%25A8&wordPlace=1&orderBy=1&startTime=&endTime=&pageSize=10&pageNum=7&timeStamp=0&siteCode=5100000053&siteCodes=&checkHandle=1&strFileType=%25E5%2585%25A8%25E9%2583%25A8%25E6%25A0%25BC%25E5%25BC%258F&sonSiteCode=&areaSearchFlag=1&secondSearchWords=&countKey=%200&left_right_index=0,2019,3
2019年2月四川省法定传染病疫情概况,http://wsjkw.sc.gov.cn/scwsjkw/gggs/2019/3/12/31890cb9b2154c81a65d702cbe72e1e7.shtml,https://wsjkw.sc.gov.cn/guestweb4/s?searchWord=%25E6%25B3%2595%25E5%25AE%259A%25E4%25BC%25A0%25E6%259F%2593%25E7%2597%2585&column=%25E5%2585%25A8%25E9%2583%25A8&wordPlace=1&orderBy=1&startTime=&endTime=&pageSize=10&pageNum=7&timeStamp=0&siteCode=5100000053&siteCodes=&checkHandle=1&strFileType=%25E5%2585%25A8%25E9%2583%25A8%25E6%25A0%25BC%25E5%25BC%258F&sonSiteCode=&areaSearchFlag=1&secondSearchWords=&countKey=%200&left_right_index=0,2019,2
2019年1月四川省法定传染病疫情概况,http://wsjkw.sc.gov.cn/scwsjkw/gggs/2019/2/14/cb065474f5e247eb8adb81fcd5f148d0.shtml,https://wsjkw.sc.gov.cn/guestweb4/s?searchWord=%25E6%25B3%2595%25E5%25AE%259A%25E4%25BC%25A0%25E6%259F%2593%25E7%2597%2585&column=%25E5%2585%25A8%25E9%2583%25A8&wordPlace=1&orderBy=1&startTime=&endTime=&pageSize=10&pageNum=7&timeStamp=0&siteCode=5100000053&siteCodes=&checkHandle=1&strFileType=%25E5%2585%25A8%25E9%2583%25A8%25E6%25A0%25BC%25E5%25BC%258F&sonSiteCode=&areaSearchFlag=1&secondSearchWords=&countKey=%200&left_right_index=0,2019,1
2018年12月四川省法定传染病疫情概况,http://wsjkw.sc.gov.cn/scwsjkw/gggs/2019/1/15/9a00c5752e794712a378c2c946fd72f5.shtml,https://wsjkw.sc.gov.cn/guestweb4/s?searchWord=%25E6%25B3%2595%25E5%25AE%259A%25E4%25BC%25A0%25E6%259F%2593%25E7%2597%2585&column=%25E5%2585%25A8%25E9%2583%25A8&wordPlace=1&orderBy=1&startTime=&endTime=&pageSize=10&pageNum=8&timeStamp=0&siteCode=5100000053&siteCodes=&checkHandle=1&strFileType=%25E5%2585%25A8%25E9%2583%25A8%25E6%25A0%25BC%25E5%25BC%258F&sonSiteCode=&areaSearchFlag=1&secondSearchWords=&countKey=%200&left_right_index=0,2018,12
2018年11月四川省法定传染病疫情概况,http://wsjkw.sc.gov.cn/scwsjkw/gggs/2018/12/12/f3d930c1eab54464a115941d30389c02.shtml,https://wsjkw.sc.gov.cn/guestweb4/s?searchWord=%25E6%25B3%2595%25E5%25AE%259A%25E4%25BC%25A0%25E6%259F%2593%25E7%2597%2585&column=%25E5%2585%25A8%25E9%2583%25A8&wordPlace=1&orderBy=1&startTime=&endTime=&pageSize=10&pageNum=8&timeStamp=0&siteCode=5100000053&siteCodes=&checkHandle=1&strFileType=%25E5%2585%25A8%25E9%2583%25A8%25E6%25A0%25BC%25E5%25BC%258F&sonSiteCode=&areaSearchFlag=1&secondSearchWords=&countKey=%200&left_right_index=0,2018,11
2018年10月四川省法定传染病疫情概况,http://wsjkw.sc.gov.cn/scwsjkw/gggs/2018/11/14/406b9bc6052b4681b0a309c375536708.shtml,https://wsjkw.sc.gov.cn/guestweb4/s?searchWord=%25E6%25B3%2595%25E5%25AE%259A%25E4%25BC%25A0%25E6%259F%2593%25E7%2597%2585&column=%25E5%2585%25A8%25E9%2583%25A8&wordPlace=1&orderBy=1&startTime=&endTime=&pageSize=10&pageNum=8&timeStamp=0&siteCode=5100000053&siteCodes=&checkHandle=1&strFileType=%25E5%2585%25A8%25E9%2583%25A8%25E6%25A0%25BC%25E5%25BC%258F&sonSiteCode=&areaSearchFlag=1&secondSearchWords=&countKey=%200&left_right_index=0,2018,10
2018年9月四川省法定传染病疫情概况,http://wsjkw.sc.gov.cn/scwsjkw/csgz2/2018/11/5/1215b5e0cfe9429e84cb9e69c4a6386f.shtml,https://wsjkw.sc.gov.cn/guestweb4/s?searchWord=%25E6%25B3%2595%25E5%25AE%259A%25E4%25BC%25A0%25E6%259F%2593%25E7%2597%2585&column=%25E5%2585%25A8%25E9%2583%25A8&wordPlace=1&orderBy=1&startTime=&endTime=&pageSize=10&pageNum=8&timeStamp=0&siteCode=5100000053&siteCodes=&checkHandle=1&strFileType=%25E5%2585%25A8%25E9%2583%25A8%25E6%25A0%25BC%25E5%25BC%258F&sonSiteCode=&areaSearchFlag=1&secondSearchWords=&countKey=%200&left_right_index=0,2018,9
2018年8月四川省法定传染病新闻稿,http://wsjkw.sc.gov.cn/scwsjkw/csgz2/2018/11/5/9c30e79b7c6d451c8e8d0bbb9938293d.shtml,https://wsjkw.sc.gov.cn/guestweb4/s?searchWord=%25E6%25B3%2595%25E5%25AE%259A%25E4%25BC%25A0%25E6%259F%2593%25E7%2597%2585&column=%25E5%2585%25A8%25E9%2583%25A8&wordPlace=1&orderBy=1&startTime=&endTime=&pageSize=10&pageNum=9&timeStamp=0&siteCode=5100000053&siteCodes=&checkHandle=1&strFileType=%25E5%2585%25A8%25E9%2583%25A8%25E6%25A0%25BC%25E5%25BC%258F&sonSiteCode=&areaSearchFlag=1&secondSearchWords=&countKey=%200&left_right_index=0,2018,8
2018年7月四川省法定传染病疫情概况,http://wsjkw.sc.gov.cn/scwsjkw/csgz2/2018/8/15/9ec57800fa614e248fefb3be043fba29.shtml,https://wsjkw.sc.gov.cn/guestweb4/s?searchWord=%25E6%25B3%2595%25E5%25AE%259A%25E4%25BC%25A0%25E6%259F%2593%25E7%2597%2585&column=%25E5%2585%25A8%25E9%2583%25A8&wordPlace=1&orderBy=1&startTime=&endTime=&pageSize=10&pageNum=9&timeStamp=0&siteCode=5100000053&siteCodes=&checkHandle=1&strFileType=%25E5%2585%25A8%25E9%2583%25A8%25E6%25A0%25BC%25E5%25BC%258F&sonSiteCode=&areaSearchFlag=1&secondSearchWords=&countKey=%200&left_right_index=0,2018,7
2018年6月四川省法定传染病疫情概况,http://wsjkw.sc.gov.cn/scwsjkw/csgz2/2018/7/16/da4ecb57977446618acc007ef6a87466.shtml,https://wsjkw.sc.gov.cn/guestweb4/s?searchWord=%25E6%25B3%2595%25E5%25AE%259A%25E4%25BC%25A0%25E6%259F%2593%25E7%2597%2585&column=%25E5%2585%25A8%25E9%2583%25A8&wordPlace=1&orderBy=1&startTime=&endTime=&pageSize=10&pageNum=10&timeStamp=0&siteCode=5100000053&siteCodes=&checkHandle=1&strFileType=%25E5%2585%25A8%25E9%2583%25A8%25E6%25A0%25BC%25E5%25BC%258F&sonSiteCode=&areaSearchFlag=1&secondSearchWords=&countKey=%200&left_right_index=0,2018,6
2018年5月四川省法定传染病疫情概况,http://wsjkw.sc.gov.cn/scwsjkw/csgz2/2018/6/11/5a928bf8879c4e6285fa443411b7ea90.shtml,https://wsjkw.sc.gov.cn/guestweb4/s?searchWord=%25E6%25B3%2595%25E5%25AE%259A%25E4%25BC%25A0%25E6%259F%2593%25E7%2597%2585&column=%25E5%2585%25A8%25E9%2583%25A8&wordPlace=1&orderBy=1&startTime=&endTime=&pageSize=10&pageNum=10&timeStamp=0&siteCode=5100000053&siteCodes=&checkHandle=1&strFileType=%25E5%2585%25A8%25E9%2583%25A8%25E6%25A0%25BC%25E5%25BC%258F&sonSiteCode=&areaSearchFlag=1&secondSearchWords=&countKey=%200&left_right_index=0,2018,5
2018年4月四川省法定传染病疫情概况,http://wsjkw.sc.gov.cn/scwsjkw/gggs/2018/5/11/5c106e5a81ee49d18bcc667516c7c235.shtml,https://wsjkw.sc.gov.cn/guestweb4/s?searchWord=%25E6%25B3%2595%25E5%25AE%259A%25E4%25BC%25A0%25E6%259F%2593%25E7%2597%2585&column=%25E5%2585%25A8%25E9%2583%25A8&wordPlace=1&orderBy=1&startTime=&endTime=&pageSize=10&pageNum=11&timeStamp=0&siteCode=5100000053&siteCodes=&checkHandle=1&strFileType=%25E5%2585%25A8%25E9%2583%25A8%25E6%25A0%25BC%25E5%25BC%258F&sonSiteCode=&areaSearchFlag=1&secondSearchWords=&countKey=%200&left_right_index=0,2018,4
2018年3月四川省法定传染病疫情概况,http://wsjkw.sc.gov.cn/scwsjkw/csgz2/2018/4/11/e202d8c85add4b8f988e4069d3a311ff.shtml,https://wsjkw.sc.gov.cn/guestweb4/s?searchWord=%25E6%25B3%2595%25E5%25AE%259A%25E4%25BC%25A0%25E6%259F%2593%25E7%2597%2585&column=%25E5%2585%25A8%25E9%2583%25A8&wordPlace=1&orderBy=1&startTime=&endTime=&pageSize=10&pageNum=11&timeStamp=0&siteCode=5100000053&siteCodes=&checkHandle=1&strFileType=%25E5%2585%25A8%25E9%2583%25A8%25E6%25A0%25BC%25E5%25BC%258F&sonSiteCode=&areaSearchFlag=1&secondSearchWords=&countKey=%200&left_right_index=0,2018,3
2018年2月四川省法定传染病疫情概况,http://wsjkw.sc.gov.cn/scwsjkw/csgz2/2018/3/19/1d71b38c1caa4e8cad2c3eed802ae994.shtml,https://wsjkw.sc.gov.cn/guestweb4/s?searchWord=%25E6%25B3%2595%25E5%25AE%259A%25E4%25BC%25A0%25E6%259F%2593%25E7%2597%2585&column=%25E5%2585%25A8%25E9%2583%25A8&wordPlace=1&orderBy=1&startTime=&endTime=&pageSize=10&pageNum=11&timeStamp=0&siteCode=5100000053&siteCodes=&checkHandle=1&strFileType=%25E5%2585%25A8%25E9%2583%25A8%25E6%25A0%25BC%25E5%25BC%258F&sonSiteCode=&areaSearchFlag=1&secondSearchWords=&countKey=%200&left_right_index=0,2018,2
2018年1月四川省法定传染病疫情概况,http://wsjkw.sc.gov.cn/scwsjkw/csgz2/2018/2/11/7a36a7f143e74c9491ee5ae95ee02e41.shtml,https://wsjkw.sc.gov.cn/guestweb4/s?searchWord=%25E6%25B3%2595%25E5%25AE%259A%25E4%25BC%25A0%25E6%259F%2593%25E7%2597%2585&column=%25E5%2585%25A8%25E9%2583%25A8&wordPlace=1&orderBy=1&startTime=&endTime=&pageSize=10&pageNum=12&timeStamp=0&siteCode=5100000053&siteCodes=&checkHandle=1&strFileType=%25E5%2585%25A8%25E9%2583%25A8%25E6%25A0%25BC%25E5%25BC%258F&sonSiteCode=&areaSearchFlag=1&secondSearchWords=&countKey=%200&left_right_index=0,2018,1
2017年12月四川省法定传染病疫情概况,http://wsjkw.sc.gov.cn/scwsjkw/csgz2/2018/1/15/3060314bacb94b0f86d973ae702ba6a4.shtml,https://wsjkw.sc.gov.cn/guestweb4/s?searchWord=%25E6%25B3%2595%25E5%25AE%259A%25E4%25BC%25A0%25E6%259F%2593%25E7%2597%2585&column=%25E5%2585%25A8%25E9%2583%25A8&wordPlace=1&orderBy=1&startTime=&endTime=&pageSize=10&pageNum=12&timeStamp=0&siteCode=5100000053&siteCodes=&checkHandle=1&strFileType=%25E5%2585%25A8%25E9%2583%25A8%25E6%25A0%25BC%25E5%25BC%258F&sonSiteCode=&areaSearchFlag=1&secondSearchWords=&countKey=%200&left_right_index=0,2017,12
2017年11月四川省法定传染病疫情概况,http://wsjkw.sc.gov.cn/scwsjkw/csgz2/2017/12/18/af499e21a00f4186be02f62f11a3cb10.shtml,https://wsjkw.sc.gov.cn/guestweb4/s?searchWord=%25E6%25B3%2595%25E5%25AE%259A%25E4%25BC%25A0%25E6%259F%2593%25E7%2597%2585&column=%25E5%2585%25A8%25E9%2583%25A8&wordPlace=1&orderBy=1&startTime=&endTime=&pageSize=10&pageNum=13&timeStamp=0&siteCode=5100000053&siteCodes=&checkHandle=1&strFileType=%25E5%2585%25A8%25E9%2583%25A8%25E6%25A0%25BC%25E5%25BC%258F&sonSiteCode=&areaSearchFlag=1&secondSearchWords=&countKey=%200&left_right_index=0,2017,11
2017年10月四川省法定传染病疫情概况,http://wsjkw.sc.gov.cn/scwsjkw/csgz2/2017/12/18/e0fd1d1e075d4428b3ab6a8c863d24d4.shtml,https://wsjkw.sc.gov.cn/guestweb4/s?searchWord=%25E6%25B3%2595%25E5%25AE%259A%25E4%25BC%25A0%25E6%259F%2593%25E7%2597%2585&column=%25E5%2585%25A8%25E9%2583%25A8&wordPlace=1&orderBy=1&startTime=&endTime=&pageSize=10&pageNum=13&timeStamp=0&siteCode=5100000053&siteCodes=&checkHandle=1&strFileType=%25E5%2585%25A8%25E9%2583%25A8%25E6%25A0%25BC%25E5%25BC%258F&sonSiteCode=&areaSearchFlag=1&secondSearchWords=&countKey=%200&left_right_index=0,2017,10
2017年9月四川省法定传染病疫情概况,http://wsjkw.sc.gov.cn/scwsjkw/gggs/2017/10/16/e48b6c598dcc484e9130717c701a0c5b.shtml,https://wsjkw.sc.gov.cn/guestweb4/s?searchWord=%25E6%25B3%2595%25E5%25AE%259A%25E4%25BC%25A0%25E6%259F%2593%25E7%2597%2585&column=%25E5%2585%25A8%25E9%2583%25A8&wordPlace=1&orderBy=1&startTime=&endTime=&pageSize=10&pageNum=13&timeStamp=0&siteCode=5100000053&siteCodes=&checkHandle=1&strFileType=%25E5%2585%25A8%25E9%2583%25A8%25E6%25A0%25BC%25E5%25BC%258F&sonSiteCode=&areaSearchFlag=1&secondSearchWords=&countKey=%200&left_right_index=0,2017,9
2017年8月四川省法定传染病疫情概况,http://wsjkw.sc.gov.cn/scwsjkw/gggs/2017/9/25/be6fd3311a4449128fec586a2fd6e3fa.shtml,https://wsjkw.sc.gov.cn/guestweb4/s?searchWord=%25E6%25B3%2595%25E5%25AE%259A%25E4%25BC%25A0%25E6%259F%2593%25E7%2597%2585&column=%25E5%2585%25A8%25E9%2583%25A8&wordPlace=1&orderBy=1&startTime=&endTime=&pageSize=10&pageNum=14&timeStamp=0&siteCode=5100000053&siteCodes=&checkHandle=1&strFileType=%25E5%2585%25A8%25E9%2583%25A8%25E6%25A0%25BC%25E5%25BC%258F&sonSiteCode=&areaSearchFlag=1&secondSearchWords=&countKey=%200&left_right_index=0,2017,8
2017年7月四川省法定传染病疫情概况,http://wsjkw.sc.gov.cn/scwsjkw/csgz2/2017/8/30/11965893aa244a00b5a24d8d7cfae640.shtml,https://wsjkw.sc.gov.cn/guestweb4/s?searchWord=%25E6%25B3%2595%25E5%25AE%259A%25E4%25BC%25A0%25E6%259F%2593%25E7%2597%2585&column=%25E5%2585%25A8%25E9%2583%25A8&wordPlace=1&orderBy=1&startTime=&endTime=&pageSize=10&pageNum=14&timeStamp=0&siteCode=5100000053&siteCodes=&checkHandle=1&strFileType=%25E5%2585%25A8%25E9%2583%25A8%25E6%25A0%25BC%25E5%25BC%258F&sonSiteCode=&areaSearchFlag=1&secondSearchWords=&countKey=%200&left_right_index=0,2017,7
2017年6月四川省法定传染病疫情概况,http://wsjkw.sc.gov.cn/scwsjkw/csgz2/2017/7/17/29d040855a674f3cbc7202ad2a33d975.shtml,https://wsjkw.sc.gov.cn/guestweb4/s?searchWord=%25E6%25B3%2595%25E5%25AE%259A%25E4%25BC%25A0%25E6%259F%2593%25E7%2597%2585&column=%25E5%2585%25A8%25E9%2583%25A8&wordPlace=1&orderBy=1&startTime=&endTime=&pageSize=10&pageNum=15&timeStamp=0&siteCode=5100000053&siteCodes=&checkHandle=1&strFileType=%25E5%2585%25A8%25E9%2583%25A8%25E6%25A0%25BC%25E5%25BC%258F&sonSiteCode=&areaSearchFlag=1&secondSearchWords=&countKey=%200&left_right_index=0,2017,6
2017年5月四川省法定传染病疫情概况,http://wsjkw.sc.gov.cn/scwsjkw/gggs/2017/6/12/d301e45b678c48ccb8fa9d509c9507a4.shtml,https://wsjkw.sc.gov.cn/guestweb4/s?searchWord=%25E6%25B3%2595%25E5%25AE%259A%25E4%25BC%25A0%25E6%259F%2593%25E7%2597%2585&column=%25E5%2585%25A8%25E9%2583%25A8&wordPlace=1&orderBy=1&startTime=&endTime=&pageSize=10&pageNum=15&timeStamp=0&siteCode=5100000053&siteCodes=&checkHandle=1&strFileType=%25E5%2585%25A8%25E9%2583%25A8%25E6%25A0%25BC%25E5%25BC%258F&sonSiteCode=&areaSearchFlag=1&secondSearchWords=&countKey=%200&left_right_index=0,2017,5
2017年4月四川省法定传染病疫情概况,http://wsjkw.sc.gov.cn/scwsjkw/gggs/2017/5/11/0de93d39f2024e59baa3816026844c22.shtml,https://wsjkw.sc.gov.cn/guestweb4/s?searchWord=%25E6%25B3%2595%25E5%25AE%259A%25E4%25BC%25A0%25E6%259F%2593%25E7%2597%2585&column=%25E5%2585%25A8%25E9%2583%25A8&wordPlace=1&orderBy=1&startTime=&endTime=&pageSize=10&pageNum=16&timeStamp=0&siteCode=5100000053&siteCodes=&checkHandle=1&strFileType=%25E5%2585%25A8%25E9%2583%25A8%25E6%25A0%25BC%25E5%25BC%258F&sonSiteCode=&areaSearchFlag=1&secondSearchWords=&countKey=%200&left_right_index=0,2017,4
2017年3月四川省法定传染病疫情概况,http://wsjkw.sc.gov.cn/scwsjkw/gggs/2017/4/10/27ead5a6bfa94b3a8fa8cc4dad74c132.shtml,https://wsjkw.sc.gov.cn/guestweb4/s?searchWord=%25E6%25B3%2595%25E5%25AE%259A%25E4%25BC%25A0%25E6%259F%2593%25E7%2597%2585&column=%25E5%2585%25A8%25E9%2583%25A8&wordPlace=1&orderBy=1&startTime=&endTime=&pageSize=10&pageNum=16&timeStamp=0&siteCode=5100000053&siteCodes=&checkHandle=1&strFileType=%25E5%2585%25A8%25E9%2583%25A8%25E6%25A0%25BC%25E5%25BC%258F&sonSiteCode=&areaSearchFlag=1&secondSearchWords=&countKey=%200&left_right_index=0,2017,3
2017年2月四川省法定传染病疫情概况,http://wsjkw.sc.gov.cn/scwsjkw/gggs/2017/3/14/fe9a9827597b49f09c8836a5cbcfcea1.shtml,https://wsjkw.sc.gov.cn/guestweb4/s?searchWord=%25E6%25B3%2595%25E5%25AE%259A%25E4%25BC%25A0%25E6%259F%2593%25E7%2597%2585&column=%25E5%2585%25A8%25E9%2583%25A8&wordPlace=1&orderBy=1&startTime=&endTime=&pageSize=10&pageNum=16&timeStamp=0&siteCode=5100000053&siteCodes=&checkHandle=1&strFileType=%25E5%2585%25A8%25E9%2583%25A8%25E6%25A0%25BC%25E5%25BC%258F&sonSiteCode=&areaSearchFlag=1&secondSearchWords=&countKey=%200&left_right_index=0,2017,2
2017年1月四川省法定传染病疫情概况,http://wsjkw.sc.gov.cn/scwsjkw/ylwsly/2017/2/9/fb44c5dbc7bf4721b43e8b2ea3ec6585.shtml,https://wsjkw.sc.gov.cn/guestweb4/s?searchWord=%25E6%25B3%2595%25E5%25AE%259A%25E4%25BC%25A0%25E6%259F%2593%25E7%2597%2585&column=%25E5%2585%25A8%25E9%2583%25A8&wordPlace=1&orderBy=1&startTime=&endTime=&pageSize=10&pageNum=17&timeStamp=0&siteCode=5100000053&siteCodes=&checkHandle=1&strFileType=%25E5%2585%25A8%25E9%2583%25A8%25E6%25A0%25BC%25E5%25BC%258F&sonSiteCode=&areaSearchFlag=1&secondSearchWords=&countKey=%200&left_right_index=0,2017,1
2016年12月四川省法定传染病疫情概况,http://wsjkw.sc.gov.cn/scwsjkw/gggs/2017/1/11/4c0d9ea5465044dd94f880d3932bb578.shtml,https://wsjkw.sc.gov.cn/guestweb4/s?searchWord=%25E6%25B3%2595%25E5%25AE%259A%25E4%25BC%25A0%25E6%259F%2593%25E7%2597%2585&column=%25E5%2585%25A8%25E9%2583%25A8&wordPlace=1&orderBy=1&startTime=&endTime=&pageSize=10&pageNum=17&timeStamp=0&siteCode=5100000053&siteCodes=&checkHandle=1&strFileType=%25E5%2585%25A8%25E9%2583%25A8%25E6%25A0%25BC%25E5%25BC%258F&sonSiteCode=&areaSearchFlag=1&secondSearchWords=&countKey=%200&left_right_index=0,2016,12
2016年11月四川省法定传染病疫情概况,http://wsjkw.sc.gov.cn/scwsjkw/gggs/2016/12/8/0f7da0337852426fae67b92ecc79969c.shtml,https://wsjkw.sc.gov.cn/guestweb4/s?searchWord=%25E6%25B3%2595%25E5%25AE%259A%25E4%25BC%25A0%25E6%259F%2593%25E7%2597%2585&column=%25E5%2585%25A8%25E9%2583%25A8&wordPlace=1&orderBy=1&startTime=&endTime=&pageSize=10&pageNum=17&timeStamp=0&siteCode=5100000053&siteCodes=&checkHandle=1&strFileType=%25E5%2585%25A8%25E9%2583%25A8%25E6%25A0%25BC%25E5%25BC%258F&sonSiteCode=&areaSearchFlag=1&secondSearchWords=&countKey=%200&left_right_index=0,2016,11
2016年10月四川省法定传染病疫情概况,http://wsjkw.sc.gov.cn/scwsjkw/gggs/2016/11/10/77cea356a5274ac7a1d75b00b137aa3e.shtml,https://wsjkw.sc.gov.cn/guestweb4/s?searchWord=%25E6%25B3%2595%25E5%25AE%259A%25E4%25BC%25A0%25E6%259F%2593%25E7%2597%2585&column=%25E5%2585%25A8%25E9%2583%25A8&wordPlace=1&orderBy=1&startTime=&endTime=&pageSize=10&pageNum=17&timeStamp=0&siteCode=5100000053&siteCodes=&checkHandle=1&strFileType=%25E5%2585%25A8%25E9%2583%25A8%25E6%25A0%25BC%25E5%25BC%258F&sonSiteCode=&areaSearchFlag=1&secondSearchWords=&countKey=%200&left_right_index=0,2016,10
2016年9月四川省法定传染病疫情概况,http://wsjkw.sc.gov.cn/scwsjkw/gggs/2016/10/11/848db371817740bc86ec804a8f6ec08e.shtml,https://wsjkw.sc.gov.cn/guestweb4/s?searchWord=%25E6%25B3%2595%25E5%25AE%259A%25E4%25BC%25A0%25E6%259F%2593%25E7%2597%2585&column=%25E5%2585%25A8%25E9%2583%25A8&wordPlace=1&orderBy=1&startTime=&endTime=&pageSize=10&pageNum=17&timeStamp=0&siteCode=5100000053&siteCodes=&checkHandle=1&strFileType=%25E5%2585%25A8%25E9%2583%25A8%25E6%25A0%25BC%25E5%25BC%258F&sonSiteCode=&areaSearchFlag=1&secondSearchWords=&countKey=%200&left_right_index=0,2016,9
2016年8月四川省法定传染病疫情概况,http://wsjkw.sc.gov.cn/scwsjkw/gggs/2016/9/12/549b830404864475802d80f9feab35e5.shtml,https://wsjkw.sc.gov.cn/guestweb4/s?searchWord=%25E6%25B3%2595%25E5%25AE%259A%25E4%25BC%25A0%25E6%259F%2593%25E7%2597%2585&column=%25E5%2585%25A8%25E9%2583%25A8&wordPlace=1&orderBy=1&startTime=&endTime=&pageSize=10&pageNum=18&timeStamp=0&siteCode=5100000053&siteCodes=&checkHandle=1&strFileType=%25E5%2585%25A8%25E9%2583%25A8%25E6%25A0%25BC%25E5%25BC%258F&sonSiteCode=&areaSearchFlag=1&secondSearchWords=&countKey=%200&left_right_index=0,2016,8
2016年7月四川省法定传染病疫情概况,http://wsjkw.sc.gov.cn/scwsjkw/gggs/2016/8/11/48388dd753d9466bab619878628c6b3f.shtml,https://wsjkw.sc.gov.cn/guestweb4/s?searchWord=%25E6%25B3%2595%25E5%25AE%259A%25E4%25BC%25A0%25E6%259F%2593%25E7%2597%2585&column=%25E5%2585%25A8%25E9%2583%25A8&wordPlace=1&orderBy=1&startTime=&endTime=&pageSize=10&pageNum=18&timeStamp=0&siteCode=5100000053&siteCodes=&checkHandle=1&strFileType=%25E5%2585%25A8%25E9%2583%25A8%25E6%25A0%25BC%25E5%25BC%258F&sonSiteCode=&areaSearchFlag=1&secondSearchWords=&countKey=%200&left_right_index=0,2016,7
2016年6月四川省法定传染病疫情概况,http://wsjkw.sc.gov.cn/scwsjkw/gggs/2016/7/12/c3b91182384e47dbb73ebbd1de0edbae.shtml,https://wsjkw.sc.gov.cn/guestweb4/s?searchWord=%25E6%25B3%2595%25E5%25AE%259A%25E4%25BC%25A0%25E6%259F%2593%25E7%2597%2585&column=%25E5%2585%25A8%25E9%2583%25A8&wordPlace=1&orderBy=1&startTime=&endTime=&pageSize=10&pageNum=18&timeStamp=0&siteCode=5100000053&siteCodes=&checkHandle=1&strFileType=%25E5%2585%25A8%25E9%2583%25A8%25E6%25A0%25BC%25E5%25BC%258F&sonSiteCode=&areaSearchFlag=1&secondSearchWords=&countKey=%200&left_right_index=0,2016,6
2016年5月四川省法定传染病疫情概况,http://wsjkw.sc.gov.cn/scwsjkw/gggs/2016/6/12/c4ced3aa0a51441b933ae81352751c59.shtml,https://wsjkw.sc.gov.cn/guestweb4/s?searchWord=%25E6%25B3%2595%25E5%25AE%259A%25E4%25BC%25A0%25E6%259F%2593%25E7%2597%2585&column=%25E5%2585%25A8%25E9%2583%25A8&wordPlace=1&orderBy=1&startTime=&endTime=&pageSize=10&pageNum=18&timeStamp=0&siteCode=5100000053&siteCodes=&checkHandle=1&strFileType=%25E5%2585%25A8%25E9%2583%25A8%25E6%25A0%25BC%25E5%25BC%258F&sonSiteCode=&areaSearchFlag=1&secondSearchWords=&countKey=%200&left_right_index=0,2016,5
2016年4月四川省法定传染病疫情概况,http://wsjkw.sc.gov.cn/scwsjkw/gggs/2016/5/10/2556366566ea46c1b7e12eb34a35b785.shtml,https://wsjkw.sc.gov.cn/guestweb4/s?searchWord=%25E6%25B3%2595%25E5%25AE%259A%25E4%25BC%25A0%25E6%259F%2593%25E7%2597%2585&column=%25E5%2585%25A8%25E9%2583%25A8&wordPlace=1&orderBy=1&startTime=&endTime=&pageSize=10&pageNum=18&timeStamp=0&siteCode=5100000053&siteCodes=&checkHandle=1&strFileType=%25E5%2585%25A8%25E9%2583%25A8%25E6%25A0%25BC%25E5%25BC%258F&sonSiteCode=&areaSearchFlag=1&secondSearchWords=&countKey=%200&left_right_index=0,2016,4
2016年3月四川省法定传染病疫情概况,http://wsjkw.sc.gov.cn/scwsjkw/gggs/2016/4/12/67be1bc12a8d417b88357f8e9a6e1a6c.shtml,https://wsjkw.sc.gov.cn/guestweb4/s?searchWord=%25E6%25B3%2595%25E5%25AE%259A%25E4%25BC%25A0%25E6%259F%2593%25E7%2597%2585&column=%25E5%2585%25A8%25E9%2583%25A8&wordPlace=1&orderBy=1&startTime=&endTime=&pageSize=10&pageNum=19&timeStamp=0&siteCode=5100000053&siteCodes=&checkHandle=1&strFileType=%25E5%2585%25A8%25E9%2583%25A8%25E6%25A0%25BC%25E5%25BC%258F&sonSiteCode=&areaSearchFlag=1&secondSearchWords=&countKey=%200&left_right_index=0,2016,3
2016年2月四川省法定传染病疫情概况,http://wsjkw.sc.gov.cn/scwsjkw/gggs/2016/3/11/ba2f8eaf5f98456486a0a6279b42ac3a.shtml,https://wsjkw.sc.gov.cn/guestweb4/s?searchWord=%25E6%25B3%2595%25E5%25AE%259A%25E4%25BC%25A0%25E6%259F%2593%25E7%2597%2585&column=%25E5%2585%25A8%25E9%2583%25A8&wordPlace=1&orderBy=1&startTime=&endTime=&pageSize=10&pageNum=19&timeStamp=0&siteCode=5100000053&siteCodes=&checkHandle=1&strFileType=%25E5%2585%25A8%25E9%2583%25A8%25E6%25A0%25BC%25E5%25BC%258F&sonSiteCode=&areaSearchFlag=1&secondSearchWords=&countKey=%200&left_right_index=0,2016,2
2016年1月四川省法定传染病疫情概况,http://wsjkw.sc.gov.cn/scwsjkw/csgz2/2016/2/14/23c8e0d87ad8415385f7954afba17a05.shtml,https://wsjkw.sc.gov.cn/guestweb4/s?searchWord=%25E6%25B3%2595%25E5%25AE%259A%25E4%25BC%25A0%25E6%259F%2593%25E7%2597%2585&column=%25E5%2585%25A8%25E9%2583%25A8&wordPlace=1&orderBy=1&startTime=&endTime=&pageSize=10&pageNum=19&timeStamp=0&siteCode=5100000053&siteCodes=&checkHandle=1&strFileType=%25E5%2585%25A8%25E9%2583%25A8%25E6%25A0%25BC%25E5%25BC%258F&sonSiteCode=&areaSearchFlag=1&secondSearchWords=&countKey=%200&left_right_index=0,2016,1
2015年12月四川省法定传染病疫情概况,http://wsjkw.sc.gov.cn/scwsjkw/gggs/2016/1/12/d09667fa14e74ba98289f462ab1d7bae.shtml,https://wsjkw.sc.gov.cn/guestweb4/s?searchWord=%25E6%25B3%2595%25E5%25AE%259A%25E4%25BC%25A0%25E6%259F%2593%25E7%2597%2585&column=%25E5%2585%25A8%25E9%2583%25A8&wordPlace=1&orderBy=1&startTime=&endTime=&pageSize=10&pageNum=19&timeStamp=0&siteCode=5100000053&siteCodes=&checkHandle=1&strFileType=%25E5%2585%25A8%25E9%2583%25A8%25E6%25A0%25BC%25E5%25BC%258F&sonSiteCode=&areaSearchFlag=1&secondSearchWords=&countKey=%200&left_right_index=0,2015,12
2015年11月四川省法定传染病疫情概况,http://wsjkw.sc.gov.cn/scwsjkw/csgz2/2015/12/15/8a92fab491fa49138ced55f7647ae29a.shtml,https://wsjkw.sc.gov.cn/guestweb4/s?searchWord=%25E6%25B3%2595%25E5%25AE%259A%25E4%25BC%25A0%25E6%259F%2593%25E7%2597%2585&column=%25E5%2585%25A8%25E9%2583%25A8&wordPlace=1&orderBy=1&startTime=&endTime=&pageSize=10&pageNum=20&timeStamp=0&siteCode=5100000053&siteCodes=&checkHandle=1&strFileType=%25E5%2585%25A8%25E9%2583%25A8%25E6%25A0%25BC%25E5%25BC%258F&sonSiteCode=&areaSearchFlag=1&secondSearchWords=&countKey=%200&left_right_index=0,2015,11
2015年10月四川省法定传染病疫情概况,http://wsjkw.sc.gov.cn/scwsjkw/csgz2/2015/11/12/6b5a92254c6245c2b41d6ca2727f5fc6.shtml,https://wsjkw.sc.gov.cn/guestweb4/s?searchWord=%25E6%25B3%2595%25E5%25AE%259A%25E4%25BC%25A0%25E6%259F%2593%25E7%2597%2585&column=%25E5%2585%25A8%25E9%2583%25A8&wordPlace=1&orderBy=1&startTime=&endTime=&pageSize=10&pageNum=20&timeStamp=0&siteCode=5100000053&siteCodes=&checkHandle=1&strFileType=%25E5%2585%25A8%25E9%2583%25A8%25E6%25A0%25BC%25E5%25BC%258F&sonSiteCode=&areaSearchFlag=1&secondSearchWords=&countKey=%200&left_right_index=0,2015,10
卫生部发布2012年7月全国法定传染病疫情,http://wsjkw.sc.gov.cn/scwsjkw/csgz2/2012/9/4/f59cd911d386476d9f62eed057915f6f.shtml,https://wsjkw.sc.gov.cn/guestweb4/s?searchWord=%25E6%25B3%2595%25E5%25AE%259A%25E4%25BC%25A0%25E6%259F%2593%25E7%2597%2585&column=%25E5%2585%25A8%25E9%2583%25A8&wordPlace=1&orderBy=1&startTime=&endTime=&pageSize=10&pageNum=20&timeStamp=0&siteCode=5100000053&siteCodes=&checkHandle=1&strFileType=%25E5%2585%25A8%25E9%2583%25A8%25E6%25A0%25BC%25E5%25BC%258F&sonSiteCode=&areaSearchFlag=1&secondSearchWords=&countKey=%200&left_right_index=0,2012,7
